"","ASV","Count","rel_abun","Family","Host","Total","In Both Habitats"
"A. koa.1","ASV1007",1266,0.635153169243736,"Claroideoglomeraceae","A. koa",189080,"Yes"
"A. koa.2","ASV1015",402,0.201683707769338,"Claroideoglomeraceae","A. koa",189080,"Yes"
"A. koa.3","ASV1038",73,0.0366241558884619,"Archaeosporaceae","A. koa",189080,"Yes"
"A. koa.4","ASV1047",39,0.0195663298582194,"Archaeosporaceae","A. koa",189080,"Yes"
"A. koa.5","ASV1098",55,0.0275935421077453,"Archaeosporaceae","A. koa",189080,"No"
"A. koa.6","ASV112",20,0.0100340153119074,"Glomeraceae","A. koa",189080,"Yes"
"A. koa.7","ASV1121",39,0.0195663298582194,"Archaeosporaceae","A. koa",189080,"Yes"
"A. koa.8","ASV1135",3773,1.89291698859132,"Archaeosporaceae","A. koa",189080,"Yes"
"A. koa.9","ASV1155",537,0.269413311124713,"Archaeosporaceae","A. koa",189080,"Yes"
"A. koa.10","ASV1157",250,0.125425191398842,"Archaeosporaceae","A. koa",189080,"Yes"
"A. koa.11","ASV1170",92,0.0461564704347739,"Archaeosporaceae","A. koa",189080,"No"
"A. koa.12","ASV1175",74,0.0371258566540573,"Archaeosporaceae","A. koa",189080,"Yes"
"A. koa.13","ASV1176",209,0.104855460009432,"Archaeosporaceae","A. koa",189080,"Yes"
"A. koa.14","ASV1184",11,0.00551870842154905,"Archaeosporaceae","A. koa",189080,"Yes"
"A. koa.15","ASV1189",526,0.263894602703164,"Archaeosporaceae","A. koa",189080,"Yes"
"A. koa.16","ASV1195",176,0.0882993347447848,"Archaeosporaceae","A. koa",189080,"Yes"
"A. koa.17","ASV1199",15,0.00752551148393052,"Archaeosporaceae","A. koa",189080,"Yes"
"A. koa.18","ASV1204",93,0.0466581712003693,"Archaeosporaceae","A. koa",189080,"Yes"
"A. koa.19","ASV1207",52,0.0260884398109592,"Archaeosporaceae","A. koa",189080,"Yes"
"A. koa.20","ASV1208",299,0.150008528913015,"Archaeosporaceae","A. koa",189080,"Yes"
"A. koa.21","ASV122",14,0.00702381071833516,"Glomeraceae","A. koa",189080,"No"
"A. koa.22","ASV1228",9,0.00451530689035832,"Archaeosporaceae","A. koa",189080,"Yes"
"A. koa.23","ASV1233",253,0.126930293695628,"Archaeosporaceae","A. koa",189080,"Yes"
"A. koa.24","ASV1240",16,0.00802721224952589,"Archaeosporaceae","A. koa",189080,"Yes"
"A. koa.25","ASV1243",47,0.0235799359829823,"Archaeosporaceae","A. koa",189080,"Yes"
"A. koa.26","ASV1250",23,0.0115391176086935,"Archaeosporaceae","A. koa",189080,"Yes"
"A. koa.27","ASV1256",72,0.0361224551228665,"Archaeosporaceae","A. koa",189080,"Yes"
"A. koa.28","ASV1257",15,0.00752551148393052,"Archaeosporaceae","A. koa",189080,"Yes"
"A. koa.29","ASV1259",32,0.0160544244990518,"Archaeosporaceae","A. koa",189080,"Yes"
"A. koa.30","ASV1265",13,0.00652210995273979,"Archaeosporaceae","A. koa",189080,"Yes"
"A. koa.31","ASV1268",47,0.0235799359829823,"Archaeosporaceae","A. koa",189080,"Yes"
"A. koa.32","ASV127",12,0.00602040918714442,"Glomeraceae","A. koa",189080,"No"
"A. koa.33","ASV1271",29,0.0145493222022657,"Archaeosporaceae","A. koa",189080,"Yes"
"A. koa.34","ASV1272",41,0.0205697313894101,"Archaeosporaceae","A. koa",189080,"Yes"
"A. koa.35","ASV1273",11,0.00551870842154905,"Archaeosporaceae","A. koa",189080,"Yes"
"A. koa.36","ASV1277",152,0.076258516370496,"Archaeosporaceae","A. koa",189080,"No"
"A. koa.37","ASV1285",21,0.0105357160775027,"Archaeosporaceae","A. koa",189080,"No"
"A. koa.38","ASV1303",42,0.0210714321550055,"Archaeosporaceae","A. koa",189080,"Yes"
"A. koa.39","ASV1313",201,0.100841853884669,"Archaeosporaceae","A. koa",189080,"Yes"
"A. koa.40","ASV1329",9,0.00451530689035832,"Glomeraceae","A. koa",189080,"Yes"
"A. koa.41","ASV1335",2,0.00100340153119074,"Glomeraceae","A. koa",189080,"No"
"A. koa.42","ASV1336",16,0.00802721224952589,"Glomeraceae","A. koa",189080,"Yes"
"A. koa.43","ASV1351",36,0.0180612275614333,"Glomeraceae","A. koa",189080,"Yes"
"A. koa.44","ASV137",129,0.0647193987618025,"Glomeraceae","A. koa",189080,"Yes"
"A. koa.45","ASV1391",450,0.225765344517916,"Glomeraceae","A. koa",189080,"No"
"A. koa.46","ASV1394",279,0.139974513601108,"Glomeraceae","A. koa",189080,"No"
"A. koa.47","ASV1396",126,0.0632142964650164,"Glomeraceae","A. koa",189080,"Yes"
"A. koa.48","ASV1400",301,0.151011930444206,"Glomeraceae","A. koa",189080,"Yes"
"A. koa.49","ASV1428",9230,4.63069806644525,"Glomeraceae","A. koa",189080,"Yes"
"A. koa.50","ASV1468",2545,1.27682844844021,"Glomeraceae","A. koa",189080,"Yes"
"A. koa.51","ASV1475",1537,0.771114076720081,"Glomeraceae","A. koa",189080,"Yes"
"A. koa.52","ASV1476",490,0.24583337514173,"Glomeraceae","A. koa",189080,"Yes"
"A. koa.53","ASV1484",115,0.0576955880434673,"Glomeraceae","A. koa",189080,"Yes"
"A. koa.54","ASV1494",39,0.0195663298582194,"Glomeraceae","A. koa",189080,"Yes"
"A. koa.55","ASV1510",308,0.154523835803373,"Glomeraceae","A. koa",189080,"No"
"A. koa.56","ASV1514",13246,6.64552834107625,"Glomeraceae","A. koa",189080,"Yes"
"A. koa.57","ASV1534",91,0.0456547696691785,"Glomeraceae","A. koa",189080,"Yes"
"A. koa.58","ASV1539",149,0.0747534140737099,"Glomeraceae","A. koa",189080,"Yes"
"A. koa.59","ASV1542",55,0.0275935421077453,"Glomeraceae","A. koa",189080,"Yes"
"A. koa.60","ASV1550",1276,0.64017017689969,"Glomeraceae","A. koa",189080,"Yes"
"A. koa.61","ASV1551",18650,9.35671927835362,"Glomeraceae","A. koa",189080,"Yes"
"A. koa.62","ASV1561",36439,18.2814741975296,"Glomeraceae","A. koa",189080,"Yes"
"A. koa.63","ASV1565",75,0.0376275574196526,"Glomeraceae","A. koa",189080,"No"
"A. koa.64","ASV1566",22096,11.0855801165953,"Glomeraceae","A. koa",189080,"Yes"
"A. koa.65","ASV1571",1487,0.746029038440313,"Glomeraceae","A. koa",189080,"Yes"
"A. koa.66","ASV1688",1664,0.834830073950693,"Glomeraceae","A. koa",189080,"Yes"
"A. koa.67","ASV1689",1179,0.591505202636939,"Glomeraceae","A. koa",189080,"Yes"
"A. koa.68","ASV1691",3503,1.75745778188057,"Glomeraceae","A. koa",189080,"Yes"
"A. koa.69","ASV1693",796,0.399353809413913,"Glomeraceae","A. koa",189080,"No"
"A. koa.70","ASV1699",11119,5.5784108126549,"Glomeraceae","A. koa",189080,"Yes"
"A. koa.71","ASV1700",2729,1.36914138930976,"Glomeraceae","A. koa",189080,"Yes"
"A. koa.72","ASV1709",301,0.151011930444206,"Acaulosporaceae","A. koa",189080,"Yes"
"A. koa.73","ASV1712",293,0.146998324319443,"Acaulosporaceae","A. koa",189080,"Yes"
"A. koa.74","ASV1717",303,0.152015331975397,"Acaulosporaceae","A. koa",189080,"Yes"
"A. koa.75","ASV1719",684,0.343163323667232,"Acaulosporaceae","A. koa",189080,"Yes"
"A. koa.76","ASV1726",12,0.00602040918714442,"Acaulosporaceae","A. koa",189080,"No"
"A. koa.77","ASV1727",50,0.0250850382797684,"Acaulosporaceae","A. koa",189080,"No"
"A. koa.78","ASV1731",432,0.216734730737199,"Acaulosporaceae","A. koa",189080,"No"
"A. koa.79","ASV1742",522,0.261887799640782,"Acaulosporaceae","A. koa",189080,"Yes"
"A. koa.80","ASV1743",10,0.00501700765595368,"Acaulosporaceae","A. koa",189080,"No"
"A. koa.81","ASV1746",190,0.09532314546312,"Acaulosporaceae","A. koa",189080,"No"
"A. koa.82","ASV1771",62,0.0311054474669128,"Acaulosporaceae","A. koa",189080,"No"
"A. koa.83","ASV1774",52,0.0260884398109592,"Acaulosporaceae","A. koa",189080,"Yes"
"A. koa.84","ASV1777",14,0.00702381071833516,"Acaulosporaceae","A. koa",189080,"Yes"
"A. koa.85","ASV1787",316,0.158537441928136,"Acaulosporaceae","A. koa",189080,"No"
"A. koa.86","ASV1788",42,0.0210714321550055,"Acaulosporaceae","A. koa",189080,"No"
"A. koa.87","ASV1792",322,0.161547646521709,"Acaulosporaceae","A. koa",189080,"No"
"A. koa.88","ASV1795",2502,1.25525531551961,"Acaulosporaceae","A. koa",189080,"Yes"
"A. koa.89","ASV1797",144,0.072244910245733,"Acaulosporaceae","A. koa",189080,"No"
"A. koa.90","ASV1798",111,0.0556887849810859,"Acaulosporaceae","A. koa",189080,"No"
"A. koa.91","ASV1801",205,0.10284865694705,"Acaulosporaceae","A. koa",189080,"No"
"A. koa.92","ASV1806",171,0.085790830916808,"Acaulosporaceae","A. koa",189080,"Yes"
"A. koa.93","ASV1807",1,0.000501700765595368,"Acaulosporaceae","A. koa",189080,"No"
"A. koa.94","ASV1815",134,0.0672279025897793,"Acaulosporaceae","A. koa",189080,"Yes"
"A. koa.95","ASV1834",53,0.0265901405765545,"Acaulosporaceae","A. koa",189080,"Yes"
"A. koa.96","ASV1836",352,0.17659866948957,"Acaulosporaceae","A. koa",189080,"Yes"
"A. koa.97","ASV1845",297,0.149005127381824,"Acaulosporaceae","A. koa",189080,"Yes"
"A. koa.98","ASV1858",106,0.053180281153109,"Gigasporaceae","A. koa",189080,"No"
"A. koa.99","ASV1863",190,0.09532314546312,"Gigasporaceae","A. koa",189080,"Yes"
"A. koa.100","ASV1870",58,0.0290986444045314,"Gigasporaceae","A. koa",189080,"Yes"
"A. koa.101","ASV1871",2339,1.17347809072757,"Gigasporaceae","A. koa",189080,"Yes"
"A. koa.102","ASV1875",179,0.0898044370415709,"Gigasporaceae","A. koa",189080,"Yes"
"A. koa.103","ASV1876",167,0.0837840278544265,"Gigasporaceae","A. koa",189080,"Yes"
"A. koa.104","ASV1877",111,0.0556887849810859,"Gigasporaceae","A. koa",189080,"Yes"
"A. koa.105","ASV1881",196,0.0983333500566922,"Gigasporaceae","A. koa",189080,"No"
"A. koa.106","ASV1895",211,0.105858861540623,"Gigasporaceae","A. koa",189080,"Yes"
"A. koa.107","ASV1901",28,0.0140476214366703,"Diversisporaceae","A. koa",189080,"No"
"A. koa.108","ASV1912",31,0.0155527237334564,"Diversisporaceae","A. koa",189080,"No"
"A. koa.109","ASV1926",300,0.15051022967861,"Glomeraceae","A. koa",189080,"No"
"A. koa.110","ASV1941",1893,0.949719549272032,"Glomeraceae","A. koa",189080,"Yes"
"A. koa.111","ASV1946",3353,1.68220266704127,"Glomeraceae","A. koa",189080,"Yes"
"A. koa.112","ASV1948",9491,4.76164196626564,"Glomeraceae","A. koa",189080,"Yes"
"A. koa.113","ASV1953",2566,1.28736416451772,"Glomeraceae","A. koa",189080,"Yes"
"A. koa.114","ASV2049",336,0.168571457240044,"Glomeraceae","A. koa",189080,"Yes"
"A. koa.115","ASV2053",180,0.0903061378071663,"Glomeraceae","A. koa",189080,"No"
"A. koa.116","ASV2054",7130,3.57712645869498,"Glomeraceae","A. koa",189080,"Yes"
"A. koa.117","ASV2055",255,0.127933695226819,"Glomeraceae","A. koa",189080,"Yes"
"A. koa.118","ASV2058",62,0.0311054474669128,"Glomeraceae","A. koa",189080,"No"
"A. koa.119","ASV2063",1802,0.904064779602854,"Glomeraceae","A. koa",189080,"Yes"
"A. koa.120","ASV2072",638,0.320085088449845,"Glomeraceae","A. koa",189080,"Yes"
"A. koa.121","ASV208",467,0.234294257533037,"Glomeromycotina","A. koa",189080,"Yes"
"A. koa.122","ASV215",20,0.0100340153119074,"Glomeromycotina","A. koa",189080,"Yes"
"A. koa.123","ASV223",7,0.00351190535916758,"Glomeraceae","A. koa",189080,"No"
"A. koa.124","ASV224",11,0.00551870842154905,"Archaeosporaceae","A. koa",189080,"No"
"A. koa.125","ASV229",17,0.00852891301512126,"Archaeosporaceae","A. koa",189080,"No"
"A. koa.126","ASV232",51,0.0255867390453638,"Glomeraceae","A. koa",189080,"Yes"
"A. koa.127","ASV257",30,0.015051022967861,"Glomeraceae","A. koa",189080,"Yes"
"A. koa.128","ASV368",2190,1.09872467665386,"Glomeromycotina","A. koa",189080,"Yes"
"A. koa.129","ASV37",1813,0.909583488024403,"Glomeromycotina","A. koa",189080,"Yes"
"A. koa.130","ASV372",430,0.215731329206008,"Glomeromycotina","A. koa",189080,"Yes"
"A. koa.131","ASV378",689,0.345671827495209,"Glomeromycotina","A. koa",189080,"Yes"
"A. koa.132","ASV383",560,0.280952428733406,"Glomeromycotina","A. koa",189080,"Yes"
"A. koa.133","ASV392",2743,1.3761652000281,"Glomeromycotina","A. koa",189080,"Yes"
"A. koa.134","ASV398",150,0.0752551148393052,"Glomeromycotina","A. koa",189080,"Yes"
"A. koa.135","ASV44",7,0.00351190535916758,"Glomeromycotina","A. koa",189080,"No"
"A. koa.136","ASV440",20,0.0100340153119074,"Glomeromycotina","A. koa",189080,"Yes"
"A. koa.137","ASV451",22,0.0110374168430981,"Glomeromycotina","A. koa",189080,"No"
"A. koa.138","ASV453",10,0.00501700765595368,"Glomeromycotina","A. koa",189080,"Yes"
"A. koa.139","ASV471",254,0.127431994461224,"Glomeromycotina","A. koa",189080,"Yes"
"A. koa.140","ASV498",14,0.00702381071833516,"Glomeraceae","A. koa",189080,"No"
"A. koa.141","ASV592",13,0.00652210995273979,"Glomeromycotina","A. koa",189080,"Yes"
"A. koa.142","ASV614",20,0.0100340153119074,"Paraglomeraceae","A. koa",189080,"No"
"A. koa.143","ASV642",9,0.00451530689035832,"Paraglomeraceae","A. koa",189080,"No"
"A. koa.144","ASV649",20,0.0100340153119074,"Archaeosporaceae","A. koa",189080,"No"
"A. koa.145","ASV692",11,0.00551870842154905,"Ambisporaceae","A. koa",189080,"No"
"A. koa.146","ASV736",255,0.127933695226819,"Ambisporaceae","A. koa",189080,"Yes"
"A. koa.147","ASV78",13,0.00652210995273979,"Paraglomeraceae","A. koa",189080,"Yes"
"A. koa.148","ASV83",30,0.015051022967861,"Paraglomeraceae","A. koa",189080,"No"
"A. koa.149","ASV877",11,0.00551870842154905,"Archaeosporaceae","A. koa",189080,"No"
"A. koa.150","ASV89",6,0.00301020459357221,"Paraglomeraceae","A. koa",189080,"Yes"
"A. koa.151","ASV926",191,0.0958248462287153,"Paraglomeraceae","A. koa",189080,"Yes"
"A. koa.152","ASV949",44,0.0220748336861962,"Claroideoglomeraceae","A. koa",189080,"No"
"A. koa.153","ASV950",21,0.0105357160775027,"Claroideoglomeraceae","A. koa",189080,"No"
"A. koa.154","ASV952",176,0.0882993347447848,"Claroideoglomeraceae","A. koa",189080,"Yes"
"A. koa.155","ASV958",11,0.00551870842154905,"Claroideoglomeraceae","A. koa",189080,"No"
"A. koa.156","ASV979",330,0.165561252646472,"Claroideoglomeraceae","A. koa",189080,"Yes"
"C. trigynum.1","ASV1007",126,0.0960504951174332,"Claroideoglomeraceae","C. trigynum",122726,"Yes"
"C. trigynum.2","ASV1038",69,0.0525990806595467,"Archaeosporaceae","C. trigynum",122726,"Yes"
"C. trigynum.3","ASV112",20,0.0152461103361005,"Glomeraceae","C. trigynum",122726,"Yes"
"C. trigynum.4","ASV1135",1140,0.869028289157729,"Archaeosporaceae","C. trigynum",122726,"Yes"
"C. trigynum.5","ASV1155",29,0.0221068599873457,"Archaeosporaceae","C. trigynum",122726,"Yes"
"C. trigynum.6","ASV1175",16,0.0121968882688804,"Archaeosporaceae","C. trigynum",122726,"Yes"
"C. trigynum.7","ASV1176",332,0.253085431579268,"Archaeosporaceae","C. trigynum",122726,"Yes"
"C. trigynum.8","ASV1189",82,0.0625090523780121,"Archaeosporaceae","C. trigynum",122726,"Yes"
"C. trigynum.9","ASV1197",47,0.0358283592898362,"Archaeosporaceae","C. trigynum",122726,"Yes"
"C. trigynum.10","ASV1199",2,0.00152461103361005,"Archaeosporaceae","C. trigynum",122726,"Yes"
"C. trigynum.11","ASV122",20,0.0152461103361005,"Glomeraceae","C. trigynum",122726,"No"
"C. trigynum.12","ASV1233",27,0.0205822489537357,"Archaeosporaceae","C. trigynum",122726,"Yes"
"C. trigynum.13","ASV1303",42,0.0320168317058111,"Archaeosporaceae","C. trigynum",122726,"Yes"
"C. trigynum.14","ASV1313",221,0.168469519213911,"Archaeosporaceae","C. trigynum",122726,"Yes"
"C. trigynum.15","ASV1336",18,0.0137214993024905,"Glomeraceae","C. trigynum",122726,"Yes"
"C. trigynum.16","ASV1400",130,0.0990997171846533,"Glomeraceae","C. trigynum",122726,"Yes"
"C. trigynum.17","ASV1428",1564,1.19224582828306,"Glomeraceae","C. trigynum",122726,"Yes"
"C. trigynum.18","ASV143",11,0.00838536068485528,"Glomeraceae","C. trigynum",122726,"Yes"
"C. trigynum.19","ASV1475",37,0.0282053041217859,"Glomeraceae","C. trigynum",122726,"Yes"
"C. trigynum.20","ASV1514",2255,1.71899894039533,"Glomeraceae","C. trigynum",122726,"Yes"
"C. trigynum.21","ASV1551",19917,15.1828389782057,"Glomeraceae","C. trigynum",122726,"Yes"
"C. trigynum.22","ASV156",48,0.0365906648066412,"Glomeraceae","C. trigynum",122726,"No"
"C. trigynum.23","ASV1561",40336,30.7483553258475,"Glomeraceae","C. trigynum",122726,"Yes"
"C. trigynum.24","ASV1566",23920,18.2343479619762,"Glomeraceae","C. trigynum",122726,"Yes"
"C. trigynum.25","ASV1693",58,0.0442137199746915,"Glomeraceae","C. trigynum",122726,"No"
"C. trigynum.26","ASV1699",13039,9.93970163362072,"Glomeraceae","C. trigynum",122726,"Yes"
"C. trigynum.27","ASV1700",27,0.0205822489537357,"Glomeraceae","C. trigynum",122726,"Yes"
"C. trigynum.28","ASV1709",581,0.44289950526372,"Acaulosporaceae","C. trigynum",122726,"Yes"
"C. trigynum.29","ASV1712",553,0.421554950793179,"Acaulosporaceae","C. trigynum",122726,"Yes"
"C. trigynum.30","ASV1717",635,0.484064003171191,"Acaulosporaceae","C. trigynum",122726,"Yes"
"C. trigynum.31","ASV1719",1330,1.01386633735068,"Acaulosporaceae","C. trigynum",122726,"Yes"
"C. trigynum.32","ASV1726",18,0.0137214993024905,"Acaulosporaceae","C. trigynum",122726,"No"
"C. trigynum.33","ASV1727",104,0.0792797737477226,"Acaulosporaceae","C. trigynum",122726,"No"
"C. trigynum.34","ASV1731",667,0.508457779708952,"Acaulosporaceae","C. trigynum",122726,"No"
"C. trigynum.35","ASV1742",976,0.744010184401705,"Acaulosporaceae","C. trigynum",122726,"Yes"
"C. trigynum.36","ASV1743",54,0.0411644979074714,"Acaulosporaceae","C. trigynum",122726,"No"
"C. trigynum.37","ASV1751",48,0.0365906648066412,"Acaulosporaceae","C. trigynum",122726,"No"
"C. trigynum.38","ASV1760",86,0.0655582744452322,"Acaulosporaceae","C. trigynum",122726,"No"
"C. trigynum.39","ASV1761",5,0.00381152758402513,"Acaulosporaceae","C. trigynum",122726,"No"
"C. trigynum.40","ASV1765",9,0.00686074965124523,"Acaulosporaceae","C. trigynum",122726,"No"
"C. trigynum.41","ASV1797",12,0.0091476662016603,"Acaulosporaceae","C. trigynum",122726,"No"
"C. trigynum.42","ASV1806",17,0.0129591937856854,"Acaulosporaceae","C. trigynum",122726,"Yes"
"C. trigynum.43","ASV1815",64,0.0487875530755216,"Acaulosporaceae","C. trigynum",122726,"Yes"
"C. trigynum.44","ASV1829",270,0.205822489537357,"Acaulosporaceae","C. trigynum",122726,"No"
"C. trigynum.45","ASV1834",6,0.00457383310083015,"Acaulosporaceae","C. trigynum",122726,"Yes"
"C. trigynum.46","ASV1845",581,0.44289950526372,"Acaulosporaceae","C. trigynum",122726,"Yes"
"C. trigynum.47","ASV1858",49,0.0373529703234462,"Gigasporaceae","C. trigynum",122726,"No"
"C. trigynum.48","ASV1863",134,0.102148939251873,"Gigasporaceae","C. trigynum",122726,"Yes"
"C. trigynum.49","ASV1871",1283,0.978037978060847,"Gigasporaceae","C. trigynum",122726,"Yes"
"C. trigynum.50","ASV1880",12,0.0091476662016603,"Gigasporaceae","C. trigynum",122726,"No"
"C. trigynum.51","ASV1898",18,0.0137214993024905,"Gigasporaceae","C. trigynum",122726,"No"
"C. trigynum.52","ASV1946",53,0.0404021923906663,"Glomeraceae","C. trigynum",122726,"Yes"
"C. trigynum.53","ASV1948",729,0.555720721750863,"Glomeraceae","C. trigynum",122726,"Yes"
"C. trigynum.54","ASV1953",557,0.424604172860399,"Glomeraceae","C. trigynum",122726,"Yes"
"C. trigynum.55","ASV197",15,0.0114345827520754,"Glomeraceae","C. trigynum",122726,"No"
"C. trigynum.56","ASV201",24,0.0182953324033206,"Glomeromycotina","C. trigynum",122726,"Yes"
"C. trigynum.57","ASV2054",737,0.561819165885304,"Glomeraceae","C. trigynum",122726,"Yes"
"C. trigynum.58","ASV2063",1092,0.832437624351087,"Glomeraceae","C. trigynum",122726,"Yes"
"C. trigynum.59","ASV2072",324,0.246986987444828,"Glomeraceae","C. trigynum",122726,"Yes"
"C. trigynum.60","ASV208",81,0.061746746861207,"Glomeromycotina","C. trigynum",122726,"Yes"
"C. trigynum.61","ASV224",14,0.0106722772352704,"Archaeosporaceae","C. trigynum",122726,"No"
"C. trigynum.62","ASV229",13,0.00990997171846533,"Archaeosporaceae","C. trigynum",122726,"No"
"C. trigynum.63","ASV232",117,0.089189745466188,"Glomeraceae","C. trigynum",122726,"Yes"
"C. trigynum.64","ASV241",14,0.0106722772352704,"Glomeraceae","C. trigynum",122726,"Yes"
"C. trigynum.65","ASV257",49,0.0373529703234462,"Glomeraceae","C. trigynum",122726,"Yes"
"C. trigynum.66","ASV27",6,0.00457383310083015,"Glomeromycotina","C. trigynum",122726,"No"
"C. trigynum.67","ASV368",1292,0.984898727712093,"Glomeromycotina","C. trigynum",122726,"Yes"
"C. trigynum.68","ASV37",767,0.584688331389454,"Glomeromycotina","C. trigynum",122726,"Yes"
"C. trigynum.69","ASV372",778,0.593073692074309,"Glomeromycotina","C. trigynum",122726,"Yes"
"C. trigynum.70","ASV378",759,0.578589887255014,"Glomeromycotina","C. trigynum",122726,"Yes"
"C. trigynum.71","ASV383",398,0.3033975956884,"Glomeromycotina","C. trigynum",122726,"Yes"
"C. trigynum.72","ASV392",3016,2.29911343868396,"Glomeromycotina","C. trigynum",122726,"Yes"
"C. trigynum.73","ASV398",145,0.110534299936729,"Glomeromycotina","C. trigynum",122726,"Yes"
"C. trigynum.74","ASV440",68,0.0518367751427417,"Glomeromycotina","C. trigynum",122726,"Yes"
"C. trigynum.75","ASV498",14,0.0106722772352704,"Glomeraceae","C. trigynum",122726,"No"
"C. trigynum.76","ASV592",8,0.0060984441344402,"Glomeromycotina","C. trigynum",122726,"Yes"
"C. trigynum.77","ASV614",11,0.00838536068485528,"Paraglomeraceae","C. trigynum",122726,"No"
"C. trigynum.78","ASV645",5,0.00381152758402513,"Archaeosporaceae","C. trigynum",122726,"No"
"C. trigynum.79","ASV674",18,0.0137214993024905,"Claroideoglomeraceae","C. trigynum",122726,"No"
"C. trigynum.80","ASV692",24,0.0182953324033206,"Ambisporaceae","C. trigynum",122726,"No"
"C. trigynum.81","ASV696",37,0.0282053041217859,"Paraglomeraceae","C. trigynum",122726,"No"
"C. trigynum.82","ASV736",112,0.0853782178821628,"Ambisporaceae","C. trigynum",122726,"Yes"
"C. trigynum.83","ASV766",76,0.0579352192771819,"Ambisporaceae","C. trigynum",122726,"No"
"C. trigynum.84","ASV767",32,0.0243937765377608,"Ambisporaceae","C. trigynum",122726,"No"
"C. trigynum.85","ASV772",23,0.0175330268865156,"Ambisporaceae","C. trigynum",122726,"No"
"C. trigynum.86","ASV848",13,0.00990997171846533,"Ambisporaceae","C. trigynum",122726,"No"
"C. trigynum.87","ASV877",49,0.0373529703234462,"Archaeosporaceae","C. trigynum",122726,"No"
"C. trigynum.88","ASV89",36,0.0274429986049809,"Paraglomeraceae","C. trigynum",122726,"Yes"
"C. trigynum.89","ASV92",39,0.029729915155396,"Paraglomeraceae","C. trigynum",122726,"No"
"C. trigynum.90","ASV926",99,0.0754682461636975,"Paraglomeraceae","C. trigynum",122726,"Yes"
"C. trigynum.91","ASV979",37,0.0282053041217859,"Claroideoglomeraceae","C. trigynum",122726,"Yes"
"Grass.1","ASV100",4,0.00188590287600189,"Glomeraceae","Grass",201674,"Yes"
"Grass.2","ASV1007",283,0.133427628477133,"Claroideoglomeraceae","Grass",201674,"Yes"
"Grass.3","ASV1015",40,0.0188590287600189,"Claroideoglomeraceae","Grass",201674,"Yes"
"Grass.4","ASV1038",47,0.0221593587930222,"Archaeosporaceae","Grass",201674,"Yes"
"Grass.5","ASV1098",49,0.0231023102310231,"Archaeosporaceae","Grass",201674,"No"
"Grass.6","ASV1103",25,0.0117868929750118,"Archaeosporaceae","Grass",201674,"No"
"Grass.7","ASV1104",29,0.0136727958510137,"Archaeosporaceae","Grass",201674,"No"
"Grass.8","ASV112",9,0.00424328147100424,"Glomeraceae","Grass",201674,"Yes"
"Grass.9","ASV1121",84,0.0396039603960396,"Archaeosporaceae","Grass",201674,"Yes"
"Grass.10","ASV1135",4141,1.95238095238095,"Archaeosporaceae","Grass",201674,"Yes"
"Grass.11","ASV1155",636,0.2998585572843,"Archaeosporaceae","Grass",201674,"Yes"
"Grass.12","ASV1157",524,0.247053276756247,"Archaeosporaceae","Grass",201674,"Yes"
"Grass.13","ASV1170",40,0.0188590287600189,"Archaeosporaceae","Grass",201674,"No"
"Grass.14","ASV1176",294,0.138613861386139,"Archaeosporaceae","Grass",201674,"Yes"
"Grass.15","ASV1189",1744,0.822253653936822,"Archaeosporaceae","Grass",201674,"Yes"
"Grass.16","ASV1195",1169,0.551155115511551,"Archaeosporaceae","Grass",201674,"Yes"
"Grass.17","ASV1197",21,0.0099009900990099,"Archaeosporaceae","Grass",201674,"Yes"
"Grass.18","ASV1199",65,0.0306459217350306,"Archaeosporaceae","Grass",201674,"Yes"
"Grass.19","ASV1204",45,0.0212164073550212,"Archaeosporaceae","Grass",201674,"Yes"
"Grass.20","ASV1207",14,0.0066006600660066,"Archaeosporaceae","Grass",201674,"Yes"
"Grass.21","ASV1208",145,0.0683639792550684,"Archaeosporaceae","Grass",201674,"Yes"
"Grass.22","ASV1217",11,0.00518623290900519,"Archaeosporaceae","Grass",201674,"No"
"Grass.23","ASV1228",50,0.0235737859500236,"Archaeosporaceae","Grass",201674,"Yes"
"Grass.24","ASV1233",558,0.263083451202263,"Archaeosporaceae","Grass",201674,"Yes"
"Grass.25","ASV1240",145,0.0683639792550684,"Archaeosporaceae","Grass",201674,"Yes"
"Grass.26","ASV1257",12,0.00565770862800566,"Archaeosporaceae","Grass",201674,"Yes"
"Grass.27","ASV1268",45,0.0212164073550212,"Archaeosporaceae","Grass",201674,"Yes"
"Grass.28","ASV1271",109,0.0513908533710514,"Archaeosporaceae","Grass",201674,"Yes"
"Grass.29","ASV1272",146,0.0688354549740688,"Archaeosporaceae","Grass",201674,"Yes"
"Grass.30","ASV1273",8,0.00377180575200377,"Archaeosporaceae","Grass",201674,"Yes"
"Grass.31","ASV1279",149,0.0702498821310703,"Archaeosporaceae","Grass",201674,"No"
"Grass.32","ASV1280",82,0.0386610089580387,"Archaeosporaceae","Grass",201674,"Yes"
"Grass.33","ASV1303",166,0.0782649693540783,"Archaeosporaceae","Grass",201674,"Yes"
"Grass.34","ASV1313",440,0.207449316360207,"Archaeosporaceae","Grass",201674,"Yes"
"Grass.35","ASV1324",13,0.00612918434700613,"Archaeosporaceae","Grass",201674,"Yes"
"Grass.36","ASV1351",25,0.0117868929750118,"Glomeraceae","Grass",201674,"Yes"
"Grass.37","ASV1371",9,0.00424328147100424,"Acaulosporaceae","Grass",201674,"Yes"
"Grass.38","ASV1394",137,0.0645921735030646,"Glomeraceae","Grass",201674,"No"
"Grass.39","ASV1396",58,0.0273455917020273,"Glomeraceae","Grass",201674,"Yes"
"Grass.40","ASV1400",470,0.221593587930222,"Glomeraceae","Grass",201674,"Yes"
"Grass.41","ASV1428",7087,3.34134842055634,"Glomeraceae","Grass",201674,"Yes"
"Grass.42","ASV143",22,0.0103724658180104,"Glomeraceae","Grass",201674,"Yes"
"Grass.43","ASV1450",366,0.172560113154173,"Glomeraceae","Grass",201674,"No"
"Grass.44","ASV1452",114,0.0537482319660537,"Glomeraceae","Grass",201674,"No"
"Grass.45","ASV1454",106,0.04997642621405,"Glomeraceae","Grass",201674,"No"
"Grass.46","ASV1456",305,0.143800094295144,"Glomeraceae","Grass",201674,"No"
"Grass.47","ASV1457",130,0.0612918434700613,"Glomeraceae","Grass",201674,"No"
"Grass.48","ASV1460",67,0.0315888731730316,"Glomeraceae","Grass",201674,"Yes"
"Grass.49","ASV1468",2764,1.3031588873173,"Glomeraceae","Grass",201674,"Yes"
"Grass.50","ASV1475",3440,1.62187647336162,"Glomeraceae","Grass",201674,"Yes"
"Grass.51","ASV1476",1394,0.657237152286657,"Glomeraceae","Grass",201674,"Yes"
"Grass.52","ASV1481",247,0.116454502593116,"Glomeraceae","Grass",201674,"Yes"
"Grass.53","ASV1483",236,0.111268269684111,"Glomeraceae","Grass",201674,"Yes"
"Grass.54","ASV1484",1720,0.810938236680811,"Glomeraceae","Grass",201674,"Yes"
"Grass.55","ASV1491",196,0.0924092409240924,"Glomeraceae","Grass",201674,"Yes"
"Grass.56","ASV1492",105,0.0495049504950495,"Glomeraceae","Grass",201674,"Yes"
"Grass.57","ASV1494",533,0.251296558227251,"Glomeraceae","Grass",201674,"Yes"
"Grass.58","ASV1499",664,0.313059877416313,"Glomeraceae","Grass",201674,"No"
"Grass.59","ASV1501",433,0.204148986327204,"Glomeraceae","Grass",201674,"No"
"Grass.60","ASV1514",83983,39.5959453088166,"Glomeraceae","Grass",201674,"Yes"
"Grass.61","ASV1516",181,0.0853371051390853,"Glomeraceae","Grass",201674,"No"
"Grass.62","ASV1534",111,0.0523338048090523,"Glomeraceae","Grass",201674,"Yes"
"Grass.63","ASV1539",148,0.0697784064120698,"Glomeraceae","Grass",201674,"Yes"
"Grass.64","ASV1550",653,0.307873644507308,"Glomeraceae","Grass",201674,"Yes"
"Grass.65","ASV1551",2893,1.36397925506836,"Glomeraceae","Grass",201674,"Yes"
"Grass.66","ASV156",22,0.0103724658180104,"Glomeraceae","Grass",201674,"No"
"Grass.67","ASV1561",7498,3.53512494106553,"Glomeraceae","Grass",201674,"Yes"
"Grass.68","ASV1566",4205,1.98255539839698,"Glomeraceae","Grass",201674,"Yes"
"Grass.69","ASV1571",770,0.363036303630363,"Glomeraceae","Grass",201674,"Yes"
"Grass.70","ASV1688",870,0.41018387553041,"Glomeraceae","Grass",201674,"Yes"
"Grass.71","ASV1689",554,0.261197548326261,"Glomeraceae","Grass",201674,"Yes"
"Grass.72","ASV1691",1786,0.842055634134842,"Glomeraceae","Grass",201674,"Yes"
"Grass.73","ASV1699",2066,0.974068835454974,"Glomeraceae","Grass",201674,"Yes"
"Grass.74","ASV1700",1374,0.647807637906648,"Glomeraceae","Grass",201674,"Yes"
"Grass.75","ASV1719",44,0.0207449316360207,"Acaulosporaceae","Grass",201674,"Yes"
"Grass.76","ASV1771",32,0.0150872230080151,"Acaulosporaceae","Grass",201674,"No"
"Grass.77","ASV1774",203,0.0957095709570957,"Acaulosporaceae","Grass",201674,"Yes"
"Grass.78","ASV1780",50,0.0235737859500236,"Acaulosporaceae","Grass",201674,"No"
"Grass.79","ASV1792",12,0.00565770862800566,"Acaulosporaceae","Grass",201674,"No"
"Grass.80","ASV1795",252,0.118811881188119,"Acaulosporaceae","Grass",201674,"Yes"
"Grass.81","ASV1806",8,0.00377180575200377,"Acaulosporaceae","Grass",201674,"Yes"
"Grass.82","ASV1815",788,0.371522866572372,"Acaulosporaceae","Grass",201674,"Yes"
"Grass.83","ASV1818",12,0.00565770862800566,"Acaulosporaceae","Grass",201674,"No"
"Grass.84","ASV1823",9,0.00424328147100424,"Acaulosporaceae","Grass",201674,"Yes"
"Grass.85","ASV1834",16,0.00754361150400754,"Acaulosporaceae","Grass",201674,"Yes"
"Grass.86","ASV1836",65,0.0306459217350306,"Acaulosporaceae","Grass",201674,"Yes"
"Grass.87","ASV1837",67,0.0315888731730316,"Acaulosporaceae","Grass",201674,"Yes"
"Grass.88","ASV1871",956,0.450730787364451,"Gigasporaceae","Grass",201674,"Yes"
"Grass.89","ASV1875",15,0.00707213578500707,"Gigasporaceae","Grass",201674,"Yes"
"Grass.90","ASV1881",23,0.0108439415370108,"Gigasporaceae","Grass",201674,"No"
"Grass.91","ASV1895",14,0.0066006600660066,"Gigasporaceae","Grass",201674,"Yes"
"Grass.92","ASV1898",26,0.0122583686940123,"Gigasporaceae","Grass",201674,"No"
"Grass.93","ASV1941",175,0.0825082508250825,"Glomeraceae","Grass",201674,"Yes"
"Grass.94","ASV1946",4414,2.08109382366808,"Glomeraceae","Grass",201674,"Yes"
"Grass.95","ASV1948",13541,6.38425271098538,"Glomeraceae","Grass",201674,"Yes"
"Grass.96","ASV1953",681,0.321074964639321,"Glomeraceae","Grass",201674,"Yes"
"Grass.97","ASV201",22,0.0103724658180104,"Glomeromycotina","Grass",201674,"Yes"
"Grass.98","ASV2054",3907,1.84205563413484,"Glomeraceae","Grass",201674,"Yes"
"Grass.99","ASV2055",1581,0.745403111739745,"Glomeraceae","Grass",201674,"Yes"
"Grass.100","ASV2063",1610,0.759075907590759,"Glomeraceae","Grass",201674,"Yes"
"Grass.101","ASV2072",405,0.190947666195191,"Glomeraceae","Grass",201674,"Yes"
"Grass.102","ASV208",249,0.117397454031117,"Glomeromycotina","Grass",201674,"Yes"
"Grass.103","ASV215",17,0.00801508722300802,"Glomeromycotina","Grass",201674,"Yes"
"Grass.104","ASV221",15,0.00707213578500707,"Glomeromycotina","Grass",201674,"No"
"Grass.105","ASV222",1,0.000471475719000471,"Glomeraceae","Grass",201674,"Yes"
"Grass.106","ASV223",19,0.00895803866100896,"Glomeraceae","Grass",201674,"No"
"Grass.107","ASV224",44,0.0207449316360207,"Archaeosporaceae","Grass",201674,"No"
"Grass.108","ASV230",8,0.00377180575200377,"Archaeosporaceae","Grass",201674,"No"
"Grass.109","ASV232",46,0.0216878830740217,"Glomeraceae","Grass",201674,"Yes"
"Grass.110","ASV236",46,0.0216878830740217,"Archaeosporaceae","Grass",201674,"Yes"
"Grass.111","ASV246",37,0.0174446016030174,"Archaeosporaceae","Grass",201674,"Yes"
"Grass.112","ASV352",111,0.0523338048090523,"Glomeromycotina","Grass",201674,"No"
"Grass.113","ASV368",4554,2.14710042432815,"Glomeromycotina","Grass",201674,"Yes"
"Grass.114","ASV37",716,0.337576614804338,"Glomeromycotina","Grass",201674,"Yes"
"Grass.115","ASV372",937,0.441772748703442,"Glomeromycotina","Grass",201674,"Yes"
"Grass.116","ASV378",444,0.209335219236209,"Glomeromycotina","Grass",201674,"Yes"
"Grass.117","ASV383",550,0.259311645450259,"Glomeromycotina","Grass",201674,"Yes"
"Grass.118","ASV392",2987,1.40829797265441,"Glomeromycotina","Grass",201674,"Yes"
"Grass.119","ASV398",20788,9.8010372465818,"Glomeromycotina","Grass",201674,"Yes"
"Grass.120","ASV402",233,0.10985384252711,"Glomeromycotina","Grass",201674,"Yes"
"Grass.121","ASV403",3,0.00141442715700141,"Glomeromycotina","Grass",201674,"Yes"
"Grass.122","ASV440",12,0.00565770862800566,"Glomeromycotina","Grass",201674,"Yes"
"Grass.123","ASV451",10,0.00471475719000472,"Glomeromycotina","Grass",201674,"No"
"Grass.124","ASV453",89,0.041961338991042,"Glomeromycotina","Grass",201674,"Yes"
"Grass.125","ASV498",17,0.00801508722300802,"Glomeraceae","Grass",201674,"No"
"Grass.126","ASV608",2,0.000942951438000943,"Archaeosporaceae","Grass",201674,"Yes"
"Grass.127","ASV612",10,0.00471475719000472,"Paraglomeraceae","Grass",201674,"No"
"Grass.128","ASV649",41,0.0193305044790193,"Archaeosporaceae","Grass",201674,"No"
"Grass.129","ASV653",6,0.00282885431400283,"Paraglomeraceae","Grass",201674,"No"
"Grass.130","ASV714",167,0.0787364450730787,"Ambisporaceae","Grass",201674,"Yes"
"Grass.131","ASV736",803,0.378595002357379,"Ambisporaceae","Grass",201674,"Yes"
"Grass.132","ASV766",53,0.024988213107025,"Ambisporaceae","Grass",201674,"No"
"Grass.133","ASV769",64,0.0301744460160302,"Ambisporaceae","Grass",201674,"No"
"Grass.134","ASV83",26,0.0122583686940123,"Paraglomeraceae","Grass",201674,"No"
"Grass.135","ASV840",23,0.0108439415370108,"Paraglomeraceae","Grass",201674,"No"
"Grass.136","ASV872",10,0.00471475719000472,"Ambisporaceae","Grass",201674,"No"
"Grass.137","ASV88",51,0.024045261669024,"Paraglomeraceae","Grass",201674,"Yes"
"Grass.138","ASV884",22,0.0103724658180104,"Ambisporaceae","Grass",201674,"Yes"
"Grass.139","ASV926",211,0.0994813767090995,"Paraglomeraceae","Grass",201674,"Yes"
"Grass.140","ASV945",88,0.0414898632720415,"Claroideoglomeraceae","Grass",201674,"Yes"
"Grass.141","ASV958",11,0.00518623290900519,"Claroideoglomeraceae","Grass",201674,"No"
"Grass.142","ASV979",59,0.0278170674210278,"Claroideoglomeraceae","Grass",201674,"Yes"
"Grass.143","ASV986",59,0.0278170674210278,"Claroideoglomeraceae","Grass",201674,"Yes"
"Grass.144","ASV989",23,0.0108439415370108,"Claroideoglomeraceae","Grass",201674,"Yes"
"M. polymorpha.1","ASV100",3,0.0026711542057323,"Glomeraceae","M. polymorpha",106579,"Yes"
"M. polymorpha.2","ASV1007",227,0.20211733490041,"Claroideoglomeraceae","M. polymorpha",106579,"Yes"
"M. polymorpha.3","ASV1031",56,0.0498615451736695,"Archaeosporaceae","M. polymorpha",106579,"Yes"
"M. polymorpha.4","ASV1038",39,0.0347250046745199,"Archaeosporaceae","M. polymorpha",106579,"Yes"
"M. polymorpha.5","ASV1103",23,0.0204788489106143,"Archaeosporaceae","M. polymorpha",106579,"No"
"M. polymorpha.6","ASV1135",2299,2.04699450632618,"Archaeosporaceae","M. polymorpha",106579,"Yes"
"M. polymorpha.7","ASV1155",279,0.248417341133104,"Archaeosporaceae","M. polymorpha",106579,"Yes"
"M. polymorpha.8","ASV1157",149,0.132667325551371,"Archaeosporaceae","M. polymorpha",106579,"Yes"
"M. polymorpha.9","ASV1176",196,0.174515408107843,"Archaeosporaceae","M. polymorpha",106579,"Yes"
"M. polymorpha.10","ASV1189",161,0.1433519423743,"Archaeosporaceae","M. polymorpha",106579,"Yes"
"M. polymorpha.11","ASV1195",53,0.0471903909679372,"Archaeosporaceae","M. polymorpha",106579,"Yes"
"M. polymorpha.12","ASV1199",111,0.098832705612095,"Archaeosporaceae","M. polymorpha",106579,"Yes"
"M. polymorpha.13","ASV122",39,0.0347250046745199,"Glomeraceae","M. polymorpha",106579,"No"
"M. polymorpha.14","ASV1228",12,0.0106846168229292,"Archaeosporaceae","M. polymorpha",106579,"Yes"
"M. polymorpha.15","ASV1231",10,0.00890384735244099,"Archaeosporaceae","M. polymorpha",106579,"Yes"
"M. polymorpha.16","ASV1233",10,0.00890384735244099,"Archaeosporaceae","M. polymorpha",106579,"Yes"
"M. polymorpha.17","ASV1243",61,0.05431346884989,"Archaeosporaceae","M. polymorpha",106579,"Yes"
"M. polymorpha.18","ASV126",3,0.0026711542057323,"Glomeraceae","M. polymorpha",106579,"No"
"M. polymorpha.19","ASV127",231,0.205678873841387,"Glomeraceae","M. polymorpha",106579,"No"
"M. polymorpha.20","ASV1279",18,0.0160269252343938,"Archaeosporaceae","M. polymorpha",106579,"No"
"M. polymorpha.21","ASV1303",101,0.089928858259654,"Archaeosporaceae","M. polymorpha",106579,"Yes"
"M. polymorpha.22","ASV1313",352,0.313415426805923,"Archaeosporaceae","M. polymorpha",106579,"Yes"
"M. polymorpha.23","ASV1322",77,0.0685596246137956,"Archaeosporaceae","M. polymorpha",106579,"Yes"
"M. polymorpha.24","ASV1324",86,0.0765730872309925,"Archaeosporaceae","M. polymorpha",106579,"Yes"
"M. polymorpha.25","ASV137",163,0.145132711844788,"Glomeraceae","M. polymorpha",106579,"Yes"
"M. polymorpha.26","ASV139",45,0.0400673130859845,"Glomeraceae","M. polymorpha",106579,"No"
"M. polymorpha.27","ASV1400",100,0.0890384735244099,"Glomeraceae","M. polymorpha",106579,"Yes"
"M. polymorpha.28","ASV1428",1348,1.20023862310905,"Glomeraceae","M. polymorpha",106579,"Yes"
"M. polymorpha.29","ASV143",30,0.026711542057323,"Glomeraceae","M. polymorpha",106579,"Yes"
"M. polymorpha.30","ASV1468",719,0.640186624640507,"Glomeraceae","M. polymorpha",106579,"Yes"
"M. polymorpha.31","ASV1475",131,0.116640400316977,"Glomeraceae","M. polymorpha",106579,"Yes"
"M. polymorpha.32","ASV1510",301,0.268005805308474,"Glomeraceae","M. polymorpha",106579,"No"
"M. polymorpha.33","ASV1514",1563,1.39167134118653,"Glomeraceae","M. polymorpha",106579,"Yes"
"M. polymorpha.34","ASV1534",183,0.16294040654967,"Glomeraceae","M. polymorpha",106579,"Yes"
"M. polymorpha.35","ASV1550",35,0.0311634657335435,"Glomeraceae","M. polymorpha",106579,"Yes"
"M. polymorpha.36","ASV1551",13435,11.9623189180045,"Glomeraceae","M. polymorpha",106579,"Yes"
"M. polymorpha.37","ASV156",88,0.0783538567014807,"Glomeraceae","M. polymorpha",106579,"No"
"M. polymorpha.38","ASV1561",26346,23.458076234741,"Glomeraceae","M. polymorpha",106579,"Yes"
"M. polymorpha.39","ASV1566",17280,15.385848225018,"Glomeraceae","M. polymorpha",106579,"Yes"
"M. polymorpha.40","ASV1571",43,0.0382865436154963,"Glomeraceae","M. polymorpha",106579,"Yes"
"M. polymorpha.41","ASV1688",89,0.0792442414367248,"Glomeraceae","M. polymorpha",106579,"Yes"
"M. polymorpha.42","ASV1691",109,0.0970519361416068,"Glomeraceae","M. polymorpha",106579,"Yes"
"M. polymorpha.43","ASV1693",129,0.114859630846489,"Glomeraceae","M. polymorpha",106579,"No"
"M. polymorpha.44","ASV1699",9163,8.15859532904168,"Glomeraceae","M. polymorpha",106579,"Yes"
"M. polymorpha.45","ASV1700",74,0.0658884704080633,"Glomeraceae","M. polymorpha",106579,"Yes"
"M. polymorpha.46","ASV1709",420,0.373961588802522,"Acaulosporaceae","M. polymorpha",106579,"Yes"
"M. polymorpha.47","ASV1712",588,0.52354622432353,"Acaulosporaceae","M. polymorpha",106579,"Yes"
"M. polymorpha.48","ASV1717",473,0.421151979770459,"Acaulosporaceae","M. polymorpha",106579,"Yes"
"M. polymorpha.49","ASV1719",1173,1.04442129444133,"Acaulosporaceae","M. polymorpha",106579,"Yes"
"M. polymorpha.50","ASV1724",21,0.0186980794401261,"Acaulosporaceae","M. polymorpha",106579,"No"
"M. polymorpha.51","ASV1726",148,0.131776940816127,"Acaulosporaceae","M. polymorpha",106579,"No"
"M. polymorpha.52","ASV1727",368,0.327661582569828,"Acaulosporaceae","M. polymorpha",106579,"No"
"M. polymorpha.53","ASV1731",231,0.205678873841387,"Acaulosporaceae","M. polymorpha",106579,"No"
"M. polymorpha.54","ASV1742",975,0.868125116862997,"Acaulosporaceae","M. polymorpha",106579,"Yes"
"M. polymorpha.55","ASV1743",30,0.026711542057323,"Acaulosporaceae","M. polymorpha",106579,"No"
"M. polymorpha.56","ASV1747",18,0.0160269252343938,"Acaulosporaceae","M. polymorpha",106579,"No"
"M. polymorpha.57","ASV1752",15,0.0133557710286615,"Acaulosporaceae","M. polymorpha",106579,"No"
"M. polymorpha.58","ASV1762",4,0.0035615389409764,"Acaulosporaceae","M. polymorpha",106579,"No"
"M. polymorpha.59","ASV1766",28,0.0249307725868348,"Acaulosporaceae","M. polymorpha",106579,"No"
"M. polymorpha.60","ASV1787",155,0.138009633962835,"Acaulosporaceae","M. polymorpha",106579,"No"
"M. polymorpha.61","ASV1792",110,0.0979423208768509,"Acaulosporaceae","M. polymorpha",106579,"No"
"M. polymorpha.62","ASV1795",1152,1.0257232150012,"Acaulosporaceae","M. polymorpha",106579,"Yes"
"M. polymorpha.63","ASV1797",117,0.10417501402356,"Acaulosporaceae","M. polymorpha",106579,"No"
"M. polymorpha.64","ASV1798",39,0.0347250046745199,"Acaulosporaceae","M. polymorpha",106579,"No"
"M. polymorpha.65","ASV1801",114,0.101503859817827,"Acaulosporaceae","M. polymorpha",106579,"No"
"M. polymorpha.66","ASV1807",6,0.00534230841146459,"Acaulosporaceae","M. polymorpha",106579,"No"
"M. polymorpha.67","ASV1815",34,0.0302730809982994,"Acaulosporaceae","M. polymorpha",106579,"Yes"
"M. polymorpha.68","ASV1829",349,0.310744272600191,"Acaulosporaceae","M. polymorpha",106579,"No"
"M. polymorpha.69","ASV1845",535,0.476355833355593,"Acaulosporaceae","M. polymorpha",106579,"Yes"
"M. polymorpha.70","ASV1858",511,0.454986599709735,"Gigasporaceae","M. polymorpha",106579,"No"
"M. polymorpha.71","ASV1863",878,0.781757797544319,"Gigasporaceae","M. polymorpha",106579,"Yes"
"M. polymorpha.72","ASV1870",194,0.172734638637355,"Gigasporaceae","M. polymorpha",106579,"Yes"
"M. polymorpha.73","ASV1871",4149,3.69420626652777,"Gigasporaceae","M. polymorpha",106579,"Yes"
"M. polymorpha.74","ASV1875",372,0.331223121510805,"Gigasporaceae","M. polymorpha",106579,"Yes"
"M. polymorpha.75","ASV1876",285,0.253759649544568,"Gigasporaceae","M. polymorpha",106579,"Yes"
"M. polymorpha.76","ASV1877",258,0.229719261692978,"Gigasporaceae","M. polymorpha",106579,"Yes"
"M. polymorpha.77","ASV1878",29,0.0258211573220789,"Gigasporaceae","M. polymorpha",106579,"No"
"M. polymorpha.78","ASV1879",195,0.173625023372599,"Gigasporaceae","M. polymorpha",106579,"No"
"M. polymorpha.79","ASV1881",369,0.328551967305073,"Gigasporaceae","M. polymorpha",106579,"No"
"M. polymorpha.80","ASV1894",25,0.0222596183811025,"Gigasporaceae","M. polymorpha",106579,"No"
"M. polymorpha.81","ASV1895",320,0.284923115278112,"Gigasporaceae","M. polymorpha",106579,"Yes"
"M. polymorpha.82","ASV1898",349,0.310744272600191,"Gigasporaceae","M. polymorpha",106579,"No"
"M. polymorpha.83","ASV1946",830,0.739019330252602,"Glomeraceae","M. polymorpha",106579,"Yes"
"M. polymorpha.84","ASV1948",2975,2.64889458735119,"Glomeraceae","M. polymorpha",106579,"Yes"
"M. polymorpha.85","ASV1953",850,0.756827024957484,"Glomeraceae","M. polymorpha",106579,"Yes"
"M. polymorpha.86","ASV2054",1733,1.54303674617802,"Glomeraceae","M. polymorpha",106579,"Yes"
"M. polymorpha.87","ASV2055",81,0.072121163554772,"Glomeraceae","M. polymorpha",106579,"Yes"
"M. polymorpha.88","ASV2058",59,0.0525326993794018,"Glomeraceae","M. polymorpha",106579,"No"
"M. polymorpha.89","ASV2063",1332,1.18599246734514,"Glomeraceae","M. polymorpha",106579,"Yes"
"M. polymorpha.90","ASV2072",118,0.105065398758804,"Glomeraceae","M. polymorpha",106579,"Yes"
"M. polymorpha.91","ASV208",334,0.297388501571529,"Glomeromycotina","M. polymorpha",106579,"Yes"
"M. polymorpha.92","ASV215",33,0.0293826962630553,"Glomeromycotina","M. polymorpha",106579,"Yes"
"M. polymorpha.93","ASV224",30,0.026711542057323,"Archaeosporaceae","M. polymorpha",106579,"No"
"M. polymorpha.94","ASV233",15,0.0133557710286615,"Glomeraceae","M. polymorpha",106579,"No"
"M. polymorpha.95","ASV280",9,0.00801346261719689,"Glomeraceae","M. polymorpha",106579,"No"
"M. polymorpha.96","ASV368",1265,1.12633669008379,"Glomeromycotina","M. polymorpha",106579,"Yes"
"M. polymorpha.97","ASV37",1157,1.03017513867742,"Glomeromycotina","M. polymorpha",106579,"Yes"
"M. polymorpha.98","ASV372",379,0.337455814657514,"Glomeromycotina","M. polymorpha",106579,"Yes"
"M. polymorpha.99","ASV378",962,0.856550115304823,"Glomeromycotina","M. polymorpha",106579,"Yes"
"M. polymorpha.100","ASV383",498,0.443411598151561,"Glomeromycotina","M. polymorpha",106579,"Yes"
"M. polymorpha.101","ASV392",2312,2.05856950788436,"Glomeromycotina","M. polymorpha",106579,"Yes"
"M. polymorpha.102","ASV398",125,0.111298091905512,"Glomeromycotina","M. polymorpha",106579,"Yes"
"M. polymorpha.103","ASV440",8,0.00712307788195279,"Glomeromycotina","M. polymorpha",106579,"Yes"
"M. polymorpha.104","ASV453",4,0.0035615389409764,"Glomeromycotina","M. polymorpha",106579,"Yes"
"M. polymorpha.105","ASV462",31,0.0276019267925671,"Glomeromycotina","M. polymorpha",106579,"No"
"M. polymorpha.106","ASV612",10,0.00890384735244099,"Paraglomeraceae","M. polymorpha",106579,"No"
"M. polymorpha.107","ASV621",23,0.0204788489106143,"Glomeraceae","M. polymorpha",106579,"No"
"M. polymorpha.108","ASV649",2,0.0017807694704882,"Archaeosporaceae","M. polymorpha",106579,"No"
"M. polymorpha.109","ASV692",74,0.0658884704080633,"Ambisporaceae","M. polymorpha",106579,"No"
"M. polymorpha.110","ASV736",86,0.0765730872309925,"Ambisporaceae","M. polymorpha",106579,"Yes"
"M. polymorpha.111","ASV757",4,0.0035615389409764,"Ambisporaceae","M. polymorpha",106579,"No"
"M. polymorpha.112","ASV766",24,0.0213692336458584,"Ambisporaceae","M. polymorpha",106579,"No"
"M. polymorpha.113","ASV767",36,0.0320538504687876,"Ambisporaceae","M. polymorpha",106579,"No"
"M. polymorpha.114","ASV877",99,0.0881480887891658,"Archaeosporaceae","M. polymorpha",106579,"No"
"M. polymorpha.115","ASV88",1,0.000890384735244099,"Paraglomeraceae","M. polymorpha",106579,"Yes"
"M. polymorpha.116","ASV926",35,0.0311634657335435,"Paraglomeraceae","M. polymorpha",106579,"Yes"
"M. polymorpha.117","ASV93",18,0.0160269252343938,"Paraglomeraceae","M. polymorpha",106579,"No"
"M. polymorpha.118","ASV966",5,0.00445192367622049,"Claroideoglomeraceae","M. polymorpha",106579,"Yes"
"M. polymorpha.119","ASV979",15,0.0133557710286615,"Claroideoglomeraceae","M. polymorpha",106579,"Yes"
"M. lessertiana.1","ASV100",9,0.00919756366757961,"Glomeraceae","M. lessertiana",88088,"Yes"
"M. lessertiana.2","ASV1007",712,0.727629481257409,"Claroideoglomeraceae","M. lessertiana",88088,"Yes"
"M. lessertiana.3","ASV1015",45,0.045987818337898,"Claroideoglomeraceae","M. lessertiana",88088,"Yes"
"M. lessertiana.4","ASV1038",319,0.326002534439766,"Archaeosporaceae","M. lessertiana",88088,"Yes"
"M. lessertiana.5","ASV1056",6,0.00613170911171974,"Archaeosporaceae","M. lessertiana",88088,"No"
"M. lessertiana.6","ASV1121",78,0.0797122184523566,"Archaeosporaceae","M. lessertiana",88088,"Yes"
"M. lessertiana.7","ASV1135",2724,2.78379593672076,"Archaeosporaceae","M. lessertiana",88088,"Yes"
"M. lessertiana.8","ASV1155",169,0.172709806646773,"Archaeosporaceae","M. lessertiana",88088,"Yes"
"M. lessertiana.9","ASV1175",285,0.291256182806688,"Archaeosporaceae","M. lessertiana",88088,"Yes"
"M. lessertiana.10","ASV1176",1542,1.57584924171197,"Archaeosporaceae","M. lessertiana",88088,"Yes"
"M. lessertiana.11","ASV1189",280,0.286146425213588,"Archaeosporaceae","M. lessertiana",88088,"Yes"
"M. lessertiana.12","ASV1195",21,0.0214609818910191,"Archaeosporaceae","M. lessertiana",88088,"Yes"
"M. lessertiana.13","ASV1197",52,0.0531414789682377,"Archaeosporaceae","M. lessertiana",88088,"Yes"
"M. lessertiana.14","ASV1199",100,0.102195151861996,"Archaeosporaceae","M. lessertiana",88088,"Yes"
"M. lessertiana.15","ASV1215",27,0.0275926910027388,"Archaeosporaceae","M. lessertiana",88088,"No"
"M. lessertiana.16","ASV1217",1,0.00102195151861996,"Archaeosporaceae","M. lessertiana",88088,"No"
"M. lessertiana.17","ASV1228",8,0.00817561214895965,"Archaeosporaceae","M. lessertiana",88088,"Yes"
"M. lessertiana.18","ASV123",23,0.023504884928259,"Glomeraceae","M. lessertiana",88088,"No"
"M. lessertiana.19","ASV1231",16,0.0163512242979193,"Archaeosporaceae","M. lessertiana",88088,"Yes"
"M. lessertiana.20","ASV1233",74,0.0756244123778768,"Archaeosporaceae","M. lessertiana",88088,"Yes"
"M. lessertiana.21","ASV1259",36,0.0367902546703184,"Archaeosporaceae","M. lessertiana",88088,"Yes"
"M. lessertiana.22","ASV1271",33,0.0337244001144586,"Archaeosporaceae","M. lessertiana",88088,"Yes"
"M. lessertiana.23","ASV1279",73,0.0746024608592568,"Archaeosporaceae","M. lessertiana",88088,"No"
"M. lessertiana.24","ASV1280",37,0.0378122061889384,"Archaeosporaceae","M. lessertiana",88088,"Yes"
"M. lessertiana.25","ASV1303",30,0.0306585455585987,"Archaeosporaceae","M. lessertiana",88088,"Yes"
"M. lessertiana.26","ASV1313",333,0.340309855700446,"Archaeosporaceae","M. lessertiana",88088,"Yes"
"M. lessertiana.27","ASV1322",8,0.00817561214895965,"Archaeosporaceae","M. lessertiana",88088,"Yes"
"M. lessertiana.28","ASV1324",14,0.0143073212606794,"Archaeosporaceae","M. lessertiana",88088,"Yes"
"M. lessertiana.29","ASV1330",7,0.0071536606303397,"Glomeraceae","M. lessertiana",88088,"No"
"M. lessertiana.30","ASV1336",20,0.0204390303723991,"Glomeraceae","M. lessertiana",88088,"Yes"
"M. lessertiana.31","ASV135",19,0.0194170788537792,"Glomeraceae","M. lessertiana",88088,"No"
"M. lessertiana.32","ASV136",15,0.0153292727792994,"Glomeraceae","M. lessertiana",88088,"No"
"M. lessertiana.33","ASV1396",4,0.00408780607447983,"Glomeraceae","M. lessertiana",88088,"Yes"
"M. lessertiana.34","ASV1428",2712,2.77153251849732,"Glomeraceae","M. lessertiana",88088,"Yes"
"M. lessertiana.35","ASV1450",33,0.0337244001144586,"Glomeraceae","M. lessertiana",88088,"No"
"M. lessertiana.36","ASV1456",58,0.0592731880799575,"Glomeraceae","M. lessertiana",88088,"No"
"M. lessertiana.37","ASV1460",281,0.287168376732208,"Glomeraceae","M. lessertiana",88088,"Yes"
"M. lessertiana.38","ASV1468",211,0.215631770428811,"Glomeraceae","M. lessertiana",88088,"Yes"
"M. lessertiana.39","ASV1476",160,0.163512242979193,"Glomeraceae","M. lessertiana",88088,"Yes"
"M. lessertiana.40","ASV1484",81,0.0827780730082165,"Glomeraceae","M. lessertiana",88088,"Yes"
"M. lessertiana.41","ASV1514",1823,1.86301761844418,"Glomeraceae","M. lessertiana",88088,"Yes"
"M. lessertiana.42","ASV1550",18,0.0183951273351592,"Glomeraceae","M. lessertiana",88088,"Yes"
"M. lessertiana.43","ASV1551",6577,6.72137513796345,"Glomeraceae","M. lessertiana",88088,"Yes"
"M. lessertiana.44","ASV1561",13028,13.3139843845808,"Glomeraceae","M. lessertiana",88088,"Yes"
"M. lessertiana.45","ASV1566",7613,7.78011691125373,"Glomeraceae","M. lessertiana",88088,"Yes"
"M. lessertiana.46","ASV163",65,0.0664268487102972,"Paraglomeraceae","M. lessertiana",88088,"No"
"M. lessertiana.47","ASV1699",4458,4.55585987000777,"Glomeraceae","M. lessertiana",88088,"Yes"
"M. lessertiana.48","ASV1700",98,0.100151248824756,"Glomeraceae","M. lessertiana",88088,"Yes"
"M. lessertiana.49","ASV1709",240,0.24526836446879,"Acaulosporaceae","M. lessertiana",88088,"Yes"
"M. lessertiana.50","ASV1712",217,0.221763479540531,"Acaulosporaceae","M. lessertiana",88088,"Yes"
"M. lessertiana.51","ASV1717",219,0.22380738257777,"Acaulosporaceae","M. lessertiana",88088,"Yes"
"M. lessertiana.52","ASV1719",525,0.536524547275477,"Acaulosporaceae","M. lessertiana",88088,"Yes"
"M. lessertiana.53","ASV1727",20,0.0204390303723991,"Acaulosporaceae","M. lessertiana",88088,"No"
"M. lessertiana.54","ASV1731",309,0.315783019253567,"Acaulosporaceae","M. lessertiana",88088,"No"
"M. lessertiana.55","ASV1742",399,0.407758655929363,"Acaulosporaceae","M. lessertiana",88088,"Yes"
"M. lessertiana.56","ASV1747",91,0.0929975881944161,"Acaulosporaceae","M. lessertiana",88088,"No"
"M. lessertiana.57","ASV1751",8,0.00817561214895965,"Acaulosporaceae","M. lessertiana",88088,"No"
"M. lessertiana.58","ASV1777",10,0.0102195151861996,"Acaulosporaceae","M. lessertiana",88088,"Yes"
"M. lessertiana.59","ASV1787",30,0.0306585455585987,"Acaulosporaceae","M. lessertiana",88088,"No"
"M. lessertiana.60","ASV1795",524,0.535502595756857,"Acaulosporaceae","M. lessertiana",88088,"Yes"
"M. lessertiana.61","ASV1798",38,0.0388341577075584,"Acaulosporaceae","M. lessertiana",88088,"No"
"M. lessertiana.62","ASV1801",39,0.0398561092261783,"Acaulosporaceae","M. lessertiana",88088,"No"
"M. lessertiana.63","ASV1806",10,0.0102195151861996,"Acaulosporaceae","M. lessertiana",88088,"Yes"
"M. lessertiana.64","ASV1815",150,0.153292727792993,"Acaulosporaceae","M. lessertiana",88088,"Yes"
"M. lessertiana.65","ASV1829",10,0.0102195151861996,"Acaulosporaceae","M. lessertiana",88088,"No"
"M. lessertiana.66","ASV1834",9,0.00919756366757961,"Acaulosporaceae","M. lessertiana",88088,"Yes"
"M. lessertiana.67","ASV1837",31,0.0316804970772187,"Acaulosporaceae","M. lessertiana",88088,"Yes"
"M. lessertiana.68","ASV1845",320,0.327024485958386,"Acaulosporaceae","M. lessertiana",88088,"Yes"
"M. lessertiana.69","ASV1858",93,0.095041491231656,"Gigasporaceae","M. lessertiana",88088,"No"
"M. lessertiana.70","ASV1863",312,0.318848873809426,"Gigasporaceae","M. lessertiana",88088,"Yes"
"M. lessertiana.71","ASV1870",132,0.134897600457834,"Gigasporaceae","M. lessertiana",88088,"Yes"
"M. lessertiana.72","ASV1871",1759,1.7976127212525,"Gigasporaceae","M. lessertiana",88088,"Yes"
"M. lessertiana.73","ASV1875",75,0.0766463638964967,"Gigasporaceae","M. lessertiana",88088,"Yes"
"M. lessertiana.74","ASV1876",66,0.0674488002289171,"Gigasporaceae","M. lessertiana",88088,"Yes"
"M. lessertiana.75","ASV1877",85,0.0868658790826963,"Gigasporaceae","M. lessertiana",88088,"Yes"
"M. lessertiana.76","ASV1881",66,0.0674488002289171,"Gigasporaceae","M. lessertiana",88088,"No"
"M. lessertiana.77","ASV1894",18,0.0183951273351592,"Gigasporaceae","M. lessertiana",88088,"No"
"M. lessertiana.78","ASV1895",95,0.0970853942688959,"Gigasporaceae","M. lessertiana",88088,"Yes"
"M. lessertiana.79","ASV1898",140,0.143073212606794,"Gigasporaceae","M. lessertiana",88088,"No"
"M. lessertiana.80","ASV190",20,0.0204390303723991,"Glomeraceae","M. lessertiana",88088,"No"
"M. lessertiana.81","ASV1916",16,0.0163512242979193,"Diversisporaceae","M. lessertiana",88088,"Yes"
"M. lessertiana.82","ASV1941",142,0.145117115644034,"Glomeraceae","M. lessertiana",88088,"Yes"
"M. lessertiana.83","ASV1946",521,0.532436741200997,"Glomeraceae","M. lessertiana",88088,"Yes"
"M. lessertiana.84","ASV1948",1315,1.34386624698524,"Glomeraceae","M. lessertiana",88088,"Yes"
"M. lessertiana.85","ASV1953",4593,4.69382332502146,"Glomeraceae","M. lessertiana",88088,"Yes"
"M. lessertiana.86","ASV201",18,0.0183951273351592,"Glomeromycotina","M. lessertiana",88088,"Yes"
"M. lessertiana.87","ASV2054",5320,5.43678207905817,"Glomeraceae","M. lessertiana",88088,"Yes"
"M. lessertiana.88","ASV2055",135,0.137963455013694,"Glomeraceae","M. lessertiana",88088,"Yes"
"M. lessertiana.89","ASV2063",6170,6.30544086988513,"Glomeraceae","M. lessertiana",88088,"Yes"
"M. lessertiana.90","ASV2072",1891,1.93251032171034,"Glomeraceae","M. lessertiana",88088,"Yes"
"M. lessertiana.91","ASV208",110,0.112414667048195,"Glomeromycotina","M. lessertiana",88088,"Yes"
"M. lessertiana.92","ASV215",16,0.0163512242979193,"Glomeromycotina","M. lessertiana",88088,"Yes"
"M. lessertiana.93","ASV232",127,0.129787842864734,"Glomeraceae","M. lessertiana",88088,"Yes"
"M. lessertiana.94","ASV236",48,0.0490536728937579,"Archaeosporaceae","M. lessertiana",88088,"Yes"
"M. lessertiana.95","ASV241",1,0.00102195151861996,"Glomeraceae","M. lessertiana",88088,"Yes"
"M. lessertiana.96","ASV249",14,0.0143073212606794,"Glomeromycotina","M. lessertiana",88088,"No"
"M. lessertiana.97","ASV257",359,0.366880595184564,"Glomeraceae","M. lessertiana",88088,"Yes"
"M. lessertiana.98","ASV280",1,0.00102195151861996,"Glomeraceae","M. lessertiana",88088,"No"
"M. lessertiana.99","ASV368",4073,4.16240853533908,"Glomeromycotina","M. lessertiana",88088,"Yes"
"M. lessertiana.100","ASV37",1374,1.40416138658382,"Glomeromycotina","M. lessertiana",88088,"Yes"
"M. lessertiana.101","ASV372",1619,1.65453950864571,"Glomeromycotina","M. lessertiana",88088,"Yes"
"M. lessertiana.102","ASV378",556,0.568205044352696,"Glomeromycotina","M. lessertiana",88088,"Yes"
"M. lessertiana.103","ASV383",868,0.887053918162122,"Glomeromycotina","M. lessertiana",88088,"Yes"
"M. lessertiana.104","ASV392",5612,5.7351919224952,"Glomeromycotina","M. lessertiana",88088,"Yes"
"M. lessertiana.105","ASV398",414,0.423087928708662,"Glomeromycotina","M. lessertiana",88088,"Yes"
"M. lessertiana.106","ASV402",58,0.0592731880799575,"Glomeromycotina","M. lessertiana",88088,"Yes"
"M. lessertiana.107","ASV403",1,0.00102195151861996,"Glomeromycotina","M. lessertiana",88088,"Yes"
"M. lessertiana.108","ASV440",223,0.22789518865225,"Glomeromycotina","M. lessertiana",88088,"Yes"
"M. lessertiana.109","ASV451",8,0.00817561214895965,"Glomeromycotina","M. lessertiana",88088,"No"
"M. lessertiana.110","ASV453",66,0.0674488002289171,"Glomeromycotina","M. lessertiana",88088,"Yes"
"M. lessertiana.111","ASV471",8,0.00817561214895965,"Glomeromycotina","M. lessertiana",88088,"Yes"
"M. lessertiana.112","ASV498",19,0.0194170788537792,"Glomeraceae","M. lessertiana",88088,"No"
"M. lessertiana.113","ASV575",11,0.0112414667048195,"Glomeromycotina","M. lessertiana",88088,"No"
"M. lessertiana.114","ASV592",34,0.0347463516330785,"Glomeromycotina","M. lessertiana",88088,"Yes"
"M. lessertiana.115","ASV601",7,0.0071536606303397,"Archaeosporaceae","M. lessertiana",88088,"No"
"M. lessertiana.116","ASV608",6,0.00613170911171974,"Archaeosporaceae","M. lessertiana",88088,"Yes"
"M. lessertiana.117","ASV620",235,0.24015860687569,"Glomeraceae","M. lessertiana",88088,"No"
"M. lessertiana.118","ASV630",3,0.00306585455585987,"Paraglomeraceae","M. lessertiana",88088,"Yes"
"M. lessertiana.119","ASV639",7,0.0071536606303397,"Archaeosporaceae","M. lessertiana",88088,"Yes"
"M. lessertiana.120","ASV648",12,0.0122634182234395,"Archaeosporaceae","M. lessertiana",88088,"No"
"M. lessertiana.121","ASV649",8,0.00817561214895965,"Archaeosporaceae","M. lessertiana",88088,"No"
"M. lessertiana.122","ASV692",452,0.46192208641622,"Ambisporaceae","M. lessertiana",88088,"No"
"M. lessertiana.123","ASV736",62,0.0633609941544373,"Ambisporaceae","M. lessertiana",88088,"Yes"
"M. lessertiana.124","ASV748",123,0.125700036790255,"Ambisporaceae","M. lessertiana",88088,"No"
"M. lessertiana.125","ASV772",32,0.0327024485958386,"Ambisporaceae","M. lessertiana",88088,"No"
"M. lessertiana.126","ASV83",13,0.0132853697420594,"Paraglomeraceae","M. lessertiana",88088,"No"
"M. lessertiana.127","ASV87",22,0.022482933409639,"Paraglomeraceae","M. lessertiana",88088,"No"
"M. lessertiana.128","ASV873",6,0.00613170911171974,"Archaeosporaceae","M. lessertiana",88088,"No"
"M. lessertiana.129","ASV877",98,0.100151248824756,"Archaeosporaceae","M. lessertiana",88088,"No"
"M. lessertiana.130","ASV88",27,0.0275926910027388,"Paraglomeraceae","M. lessertiana",88088,"Yes"
"M. lessertiana.131","ASV884",4,0.00408780607447983,"Ambisporaceae","M. lessertiana",88088,"Yes"
"M. lessertiana.132","ASV92",44,0.0449658668192781,"Paraglomeraceae","M. lessertiana",88088,"No"
"M. lessertiana.133","ASV926",612,0.625434329395414,"Paraglomeraceae","M. lessertiana",88088,"Yes"
"M. lessertiana.134","ASV958",41,0.0419000122634182,"Claroideoglomeraceae","M. lessertiana",88088,"No"
"M. lessertiana.135","ASV964",15,0.0153292727792994,"Claroideoglomeraceae","M. lessertiana",88088,"No"
"M. lessertiana.136","ASV979",122,0.124678085271635,"Claroideoglomeraceae","M. lessertiana",88088,"Yes"
"R. hawaiensis.1","ASV1007",551,0.260324389702304,"Claroideoglomeraceae","R. hawaiensis",197245,"Yes"
"R. hawaiensis.2","ASV1015",373,0.176226855460906,"Claroideoglomeraceae","R. hawaiensis",197245,"Yes"
"R. hawaiensis.3","ASV1038",5,0.00236229028767971,"Archaeosporaceae","R. hawaiensis",197245,"Yes"
"R. hawaiensis.4","ASV1040",70,0.033072064027516,"Archaeosporaceae","R. hawaiensis",197245,"No"
"R. hawaiensis.5","ASV112",18,0.00850424503564696,"Glomeraceae","R. hawaiensis",197245,"Yes"
"R. hawaiensis.6","ASV1129",38,0.0179534061863658,"Archaeosporaceae","R. hawaiensis",197245,"No"
"R. hawaiensis.7","ASV1135",3730,1.76226855460906,"Archaeosporaceae","R. hawaiensis",197245,"Yes"
"R. hawaiensis.8","ASV1155",511,0.241426067400867,"Archaeosporaceae","R. hawaiensis",197245,"Yes"
"R. hawaiensis.9","ASV1175",162,0.0765382053208226,"Archaeosporaceae","R. hawaiensis",197245,"Yes"
"R. hawaiensis.10","ASV1176",307,0.145044623663534,"Archaeosporaceae","R. hawaiensis",197245,"Yes"
"R. hawaiensis.11","ASV1189",525,0.24804048020637,"Archaeosporaceae","R. hawaiensis",197245,"Yes"
"R. hawaiensis.12","ASV1191",104,0.049135637983738,"Archaeosporaceae","R. hawaiensis",197245,"No"
"R. hawaiensis.13","ASV1195",710,0.335445220850519,"Archaeosporaceae","R. hawaiensis",197245,"Yes"
"R. hawaiensis.14","ASV1197",46,0.0217330706466533,"Archaeosporaceae","R. hawaiensis",197245,"Yes"
"R. hawaiensis.15","ASV1199",21,0.00992161920825479,"Archaeosporaceae","R. hawaiensis",197245,"Yes"
"R. hawaiensis.16","ASV1204",177,0.0836250761838618,"Archaeosporaceae","R. hawaiensis",197245,"Yes"
"R. hawaiensis.17","ASV1207",29,0.0137012836685423,"Archaeosporaceae","R. hawaiensis",197245,"Yes"
"R. hawaiensis.18","ASV1208",299,0.141264959203247,"Archaeosporaceae","R. hawaiensis",197245,"Yes"
"R. hawaiensis.19","ASV1217",5,0.00236229028767971,"Archaeosporaceae","R. hawaiensis",197245,"No"
"R. hawaiensis.20","ASV1228",5,0.00236229028767971,"Archaeosporaceae","R. hawaiensis",197245,"Yes"
"R. hawaiensis.21","ASV1231",1,0.000472458057535942,"Archaeosporaceae","R. hawaiensis",197245,"Yes"
"R. hawaiensis.22","ASV1233",167,0.0789004956085024,"Archaeosporaceae","R. hawaiensis",197245,"Yes"
"R. hawaiensis.23","ASV1240",306,0.144572165605998,"Archaeosporaceae","R. hawaiensis",197245,"Yes"
"R. hawaiensis.24","ASV1243",121,0.057167424961849,"Archaeosporaceae","R. hawaiensis",197245,"Yes"
"R. hawaiensis.25","ASV1256",55,0.0259851931644768,"Archaeosporaceae","R. hawaiensis",197245,"Yes"
"R. hawaiensis.26","ASV1265",14,0.00661441280550319,"Archaeosporaceae","R. hawaiensis",197245,"Yes"
"R. hawaiensis.27","ASV1268",82,0.0387415607179473,"Archaeosporaceae","R. hawaiensis",197245,"Yes"
"R. hawaiensis.28","ASV1271",708,0.334500304735447,"Archaeosporaceae","R. hawaiensis",197245,"Yes"
"R. hawaiensis.29","ASV1272",739,0.349146504519061,"Archaeosporaceae","R. hawaiensis",197245,"Yes"
"R. hawaiensis.30","ASV1279",284,0.134178088340208,"Archaeosporaceae","R. hawaiensis",197245,"No"
"R. hawaiensis.31","ASV1280",227,0.107247979060659,"Archaeosporaceae","R. hawaiensis",197245,"Yes"
"R. hawaiensis.32","ASV1303",88,0.0415763090631629,"Archaeosporaceae","R. hawaiensis",197245,"Yes"
"R. hawaiensis.33","ASV1313",211,0.0996886501400838,"Archaeosporaceae","R. hawaiensis",197245,"Yes"
"R. hawaiensis.34","ASV1336",10,0.00472458057535942,"Glomeraceae","R. hawaiensis",197245,"Yes"
"R. hawaiensis.35","ASV1351",12,0.00566949669043131,"Glomeraceae","R. hawaiensis",197245,"Yes"
"R. hawaiensis.36","ASV137",52,0.024567818991869,"Glomeraceae","R. hawaiensis",197245,"Yes"
"R. hawaiensis.37","ASV1371",10,0.00472458057535942,"Acaulosporaceae","R. hawaiensis",197245,"Yes"
"R. hawaiensis.38","ASV1391",75,0.0354343543151957,"Glomeraceae","R. hawaiensis",197245,"No"
"R. hawaiensis.39","ASV1400",379,0.179061603806122,"Glomeraceae","R. hawaiensis",197245,"Yes"
"R. hawaiensis.40","ASV1428",6933,3.27555171289669,"Glomeraceae","R. hawaiensis",197245,"Yes"
"R. hawaiensis.41","ASV1450",461,0.217803164524069,"Glomeraceae","R. hawaiensis",197245,"No"
"R. hawaiensis.42","ASV1452",164,0.0774831214358945,"Glomeraceae","R. hawaiensis",197245,"No"
"R. hawaiensis.43","ASV1454",119,0.0562225088467771,"Glomeraceae","R. hawaiensis",197245,"No"
"R. hawaiensis.44","ASV1456",401,0.189455681071913,"Glomeraceae","R. hawaiensis",197245,"No"
"R. hawaiensis.45","ASV1457",176,0.0831526181263258,"Glomeraceae","R. hawaiensis",197245,"No"
"R. hawaiensis.46","ASV1468",7693,3.634619836624,"Glomeraceae","R. hawaiensis",197245,"Yes"
"R. hawaiensis.47","ASV1475",7517,3.55146721849768,"Glomeraceae","R. hawaiensis",197245,"Yes"
"R. hawaiensis.48","ASV1476",2071,0.978460637156936,"Glomeraceae","R. hawaiensis",197245,"Yes"
"R. hawaiensis.49","ASV1481",134,0.0633093797098163,"Glomeraceae","R. hawaiensis",197245,"Yes"
"R. hawaiensis.50","ASV1483",139,0.065671669997496,"Glomeraceae","R. hawaiensis",197245,"Yes"
"R. hawaiensis.51","ASV1484",879,0.415290632574093,"Glomeraceae","R. hawaiensis",197245,"Yes"
"R. hawaiensis.52","ASV1492",114,0.0538602185590974,"Glomeraceae","R. hawaiensis",197245,"Yes"
"R. hawaiensis.53","ASV1494",279,0.131815798052528,"Glomeraceae","R. hawaiensis",197245,"Yes"
"R. hawaiensis.54","ASV1501",317,0.149769204238894,"Glomeraceae","R. hawaiensis",197245,"No"
"R. hawaiensis.55","ASV1514",36633,17.3075560217142,"Glomeraceae","R. hawaiensis",197245,"Yes"
"R. hawaiensis.56","ASV1534",54,0.0255127351069409,"Glomeraceae","R. hawaiensis",197245,"Yes"
"R. hawaiensis.57","ASV1550",200,0.0944916115071884,"Glomeraceae","R. hawaiensis",197245,"Yes"
"R. hawaiensis.58","ASV1551",3378,1.59596331835641,"Glomeraceae","R. hawaiensis",197245,"Yes"
"R. hawaiensis.59","ASV156",27,0.0127563675534704,"Glomeraceae","R. hawaiensis",197245,"No"
"R. hawaiensis.60","ASV1561",7409,3.5004417482838,"Glomeraceae","R. hawaiensis",197245,"Yes"
"R. hawaiensis.61","ASV1565",40,0.0188983223014377,"Glomeraceae","R. hawaiensis",197245,"No"
"R. hawaiensis.62","ASV1566",4237,2.00180478977979,"Glomeraceae","R. hawaiensis",197245,"Yes"
"R. hawaiensis.63","ASV1571",239,0.11291747575109,"Glomeraceae","R. hawaiensis",197245,"Yes"
"R. hawaiensis.64","ASV1688",376,0.177644229633514,"Glomeraceae","R. hawaiensis",197245,"Yes"
"R. hawaiensis.65","ASV1689",62,0.0292923995672284,"Glomeraceae","R. hawaiensis",197245,"Yes"
"R. hawaiensis.66","ASV1691",633,0.299065950420251,"Glomeraceae","R. hawaiensis",197245,"Yes"
"R. hawaiensis.67","ASV1699",2283,1.07862174535456,"Glomeraceae","R. hawaiensis",197245,"Yes"
"R. hawaiensis.68","ASV1700",492,0.232449364307684,"Glomeraceae","R. hawaiensis",197245,"Yes"
"R. hawaiensis.69","ASV1709",24,0.0113389933808626,"Acaulosporaceae","R. hawaiensis",197245,"Yes"
"R. hawaiensis.70","ASV1717",23,0.0108665353233267,"Acaulosporaceae","R. hawaiensis",197245,"Yes"
"R. hawaiensis.71","ASV1719",122,0.057639883019385,"Acaulosporaceae","R. hawaiensis",197245,"Yes"
"R. hawaiensis.72","ASV1727",18,0.00850424503564696,"Acaulosporaceae","R. hawaiensis",197245,"No"
"R. hawaiensis.73","ASV1731",36,0.0170084900712939,"Acaulosporaceae","R. hawaiensis",197245,"No"
"R. hawaiensis.74","ASV1742",19,0.0089767030931829,"Acaulosporaceae","R. hawaiensis",197245,"Yes"
"R. hawaiensis.75","ASV1777",66,0.0311822317973722,"Acaulosporaceae","R. hawaiensis",197245,"Yes"
"R. hawaiensis.76","ASV1787",308,0.14551708172107,"Acaulosporaceae","R. hawaiensis",197245,"No"
"R. hawaiensis.77","ASV1792",313,0.14787937200875,"Acaulosporaceae","R. hawaiensis",197245,"No"
"R. hawaiensis.78","ASV1795",3037,1.43485512073666,"Acaulosporaceae","R. hawaiensis",197245,"Yes"
"R. hawaiensis.79","ASV1797",152,0.0718136247454632,"Acaulosporaceae","R. hawaiensis",197245,"No"
"R. hawaiensis.80","ASV1798",69,0.03259960596998,"Acaulosporaceae","R. hawaiensis",197245,"No"
"R. hawaiensis.81","ASV1801",152,0.0718136247454632,"Acaulosporaceae","R. hawaiensis",197245,"No"
"R. hawaiensis.82","ASV1815",61,0.0288199415096925,"Acaulosporaceae","R. hawaiensis",197245,"Yes"
"R. hawaiensis.83","ASV1823",4,0.00188983223014377,"Acaulosporaceae","R. hawaiensis",197245,"Yes"
"R. hawaiensis.84","ASV1836",14,0.00661441280550319,"Acaulosporaceae","R. hawaiensis",197245,"Yes"
"R. hawaiensis.85","ASV1845",34,0.016063573956222,"Acaulosporaceae","R. hawaiensis",197245,"Yes"
"R. hawaiensis.86","ASV1858",101,0.0477182638111302,"Gigasporaceae","R. hawaiensis",197245,"No"
"R. hawaiensis.87","ASV1863",19,0.0089767030931829,"Gigasporaceae","R. hawaiensis",197245,"Yes"
"R. hawaiensis.88","ASV1871",1228,0.580178494654137,"Gigasporaceae","R. hawaiensis",197245,"Yes"
"R. hawaiensis.89","ASV1875",123,0.0581123410769209,"Gigasporaceae","R. hawaiensis",197245,"Yes"
"R. hawaiensis.90","ASV1876",120,0.0566949669043131,"Gigasporaceae","R. hawaiensis",197245,"Yes"
"R. hawaiensis.91","ASV1877",144,0.0680339602851757,"Gigasporaceae","R. hawaiensis",197245,"Yes"
"R. hawaiensis.92","ASV1881",172,0.0812627858961821,"Gigasporaceae","R. hawaiensis",197245,"No"
"R. hawaiensis.93","ASV1895",122,0.057639883019385,"Gigasporaceae","R. hawaiensis",197245,"Yes"
"R. hawaiensis.94","ASV1913",81,0.0382691026604113,"Diversisporaceae","R. hawaiensis",197245,"Yes"
"R. hawaiensis.95","ASV1916",37,0.0174809481288299,"Diversisporaceae","R. hawaiensis",197245,"Yes"
"R. hawaiensis.96","ASV1941",6620,3.12767234088794,"Glomeraceae","R. hawaiensis",197245,"Yes"
"R. hawaiensis.97","ASV1946",13508,6.38196344119551,"Glomeraceae","R. hawaiensis",197245,"Yes"
"R. hawaiensis.98","ASV1948",34625,16.358860242182,"Glomeraceae","R. hawaiensis",197245,"Yes"
"R. hawaiensis.99","ASV1953",1139,0.538129727533438,"Glomeraceae","R. hawaiensis",197245,"Yes"
"R. hawaiensis.100","ASV2049",2343,1.10696922880671,"Glomeraceae","R. hawaiensis",197245,"Yes"
"R. hawaiensis.101","ASV2053",4882,2.30654023689047,"Glomeraceae","R. hawaiensis",197245,"No"
"R. hawaiensis.102","ASV2054",21283,10.0553248385375,"Glomeraceae","R. hawaiensis",197245,"Yes"
"R. hawaiensis.103","ASV2055",2074,0.979878011329544,"Glomeraceae","R. hawaiensis",197245,"Yes"
"R. hawaiensis.104","ASV2060",112,0.0529153024440255,"Glomeraceae","R. hawaiensis",197245,"Yes"
"R. hawaiensis.105","ASV2063",397,0.187565848841769,"Glomeraceae","R. hawaiensis",197245,"Yes"
"R. hawaiensis.106","ASV2072",179,0.0845699922989337,"Glomeraceae","R. hawaiensis",197245,"Yes"
"R. hawaiensis.107","ASV208",159,0.0751208311482148,"Glomeromycotina","R. hawaiensis",197245,"Yes"
"R. hawaiensis.108","ASV215",22,0.0103940772657907,"Glomeromycotina","R. hawaiensis",197245,"Yes"
"R. hawaiensis.109","ASV229",11,0.00519703863289536,"Archaeosporaceae","R. hawaiensis",197245,"No"
"R. hawaiensis.110","ASV246",13,0.00614195474796725,"Archaeosporaceae","R. hawaiensis",197245,"Yes"
"R. hawaiensis.111","ASV368",1587,0.74979093730954,"Glomeromycotina","R. hawaiensis",197245,"Yes"
"R. hawaiensis.112","ASV37",886,0.418597838976845,"Glomeromycotina","R. hawaiensis",197245,"Yes"
"R. hawaiensis.113","ASV372",545,0.257489641357089,"Glomeromycotina","R. hawaiensis",197245,"Yes"
"R. hawaiensis.114","ASV378",867,0.409621135883662,"Glomeromycotina","R. hawaiensis",197245,"Yes"
"R. hawaiensis.115","ASV383",333,0.157328533159469,"Glomeromycotina","R. hawaiensis",197245,"Yes"
"R. hawaiensis.116","ASV392",2304,1.08854336456281,"Glomeromycotina","R. hawaiensis",197245,"Yes"
"R. hawaiensis.117","ASV398",748,0.353398627036885,"Glomeromycotina","R. hawaiensis",197245,"Yes"
"R. hawaiensis.118","ASV402",14,0.00661441280550319,"Glomeromycotina","R. hawaiensis",197245,"Yes"
"R. hawaiensis.119","ASV440",54,0.0255127351069409,"Glomeromycotina","R. hawaiensis",197245,"Yes"
"R. hawaiensis.120","ASV453",114,0.0538602185590974,"Glomeromycotina","R. hawaiensis",197245,"Yes"
"R. hawaiensis.121","ASV471",8,0.00377966446028754,"Glomeromycotina","R. hawaiensis",197245,"Yes"
"R. hawaiensis.122","ASV592",6,0.00283474834521565,"Glomeromycotina","R. hawaiensis",197245,"Yes"
"R. hawaiensis.123","ASV630",8,0.00377966446028754,"Paraglomeraceae","R. hawaiensis",197245,"Yes"
"R. hawaiensis.124","ASV642",16,0.00755932892057508,"Paraglomeraceae","R. hawaiensis",197245,"No"
"R. hawaiensis.125","ASV653",4,0.00188983223014377,"Paraglomeraceae","R. hawaiensis",197245,"No"
"R. hawaiensis.126","ASV714",23,0.0108665353233267,"Ambisporaceae","R. hawaiensis",197245,"Yes"
"R. hawaiensis.127","ASV736",180,0.0850424503564696,"Ambisporaceae","R. hawaiensis",197245,"Yes"
"R. hawaiensis.128","ASV757",5,0.00236229028767971,"Ambisporaceae","R. hawaiensis",197245,"No"
"R. hawaiensis.129","ASV767",16,0.00755932892057508,"Ambisporaceae","R. hawaiensis",197245,"No"
"R. hawaiensis.130","ASV83",30,0.0141737417260783,"Paraglomeraceae","R. hawaiensis",197245,"No"
"R. hawaiensis.131","ASV87",10,0.00472458057535942,"Paraglomeraceae","R. hawaiensis",197245,"No"
"R. hawaiensis.132","ASV88",9,0.00425212251782348,"Paraglomeraceae","R. hawaiensis",197245,"Yes"
"R. hawaiensis.133","ASV884",13,0.00614195474796725,"Ambisporaceae","R. hawaiensis",197245,"Yes"
"R. hawaiensis.134","ASV92",8,0.00377966446028754,"Paraglomeraceae","R. hawaiensis",197245,"No"
"R. hawaiensis.135","ASV924",8,0.00377966446028754,"Paraglomeraceae","R. hawaiensis",197245,"No"
"R. hawaiensis.136","ASV926",110,0.0519703863289536,"Paraglomeraceae","R. hawaiensis",197245,"Yes"
"R. hawaiensis.137","ASV945",188,0.0888221148167571,"Claroideoglomeraceae","R. hawaiensis",197245,"Yes"
"R. hawaiensis.138","ASV949",19,0.0089767030931829,"Claroideoglomeraceae","R. hawaiensis",197245,"No"
"R. hawaiensis.139","ASV952",88,0.0415763090631629,"Claroideoglomeraceae","R. hawaiensis",197245,"Yes"
"R. hawaiensis.140","ASV954",66,0.0311822317973722,"Claroideoglomeraceae","R. hawaiensis",197245,"No"
"R. hawaiensis.141","ASV958",29,0.0137012836685423,"Claroideoglomeraceae","R. hawaiensis",197245,"No"
"R. hawaiensis.142","ASV966",185,0.0874047406441493,"Claroideoglomeraceae","R. hawaiensis",197245,"Yes"
"R. hawaiensis.143","ASV979",35,0.016536032013758,"Claroideoglomeraceae","R. hawaiensis",197245,"Yes"
"R. hawaiensis.144","ASV989",76,0.0359068123727316,"Claroideoglomeraceae","R. hawaiensis",197245,"Yes"
