,sample_count,asv_abundance,soil_host_core_color,unique_core_color,shared_core_color
ASV1,1,4,black,black,black
ASV2,1,8,black,black,black
ASV3,1,6,black,black,black
ASV4,1,17,black,black,black
ASV7,1,5,black,black,black
ASV8,1,10,black,black,black
ASV9,1,7,black,black,black
ASV10,1,11,black,black,black
ASV11,1,4,black,black,black
ASV12,1,5,black,black,black
ASV14,6,114,black,black,black
ASV15,1,49,black,black,black
ASV16,1,22,black,black,black
ASV17,1,6,black,black,black
ASV18,1,7,black,black,black
ASV19,1,13,black,black,black
ASV20,1,3,black,black,black
ASV21,1,5,black,black,black
ASV22,1,8,black,black,black
ASV23,1,9,black,black,black
ASV24,1,6,black,black,black
ASV25,1,6,black,black,black
ASV26,1,5,black,black,black
ASV27,33,3667,darkgoldenrod1,black,black
ASV28,1,8,black,black,black
ASV29,13,1011,black,black,black
ASV30,1,3,black,black,black
ASV31,1,3,black,black,black
ASV33,1,3,black,black,black
ASV34,1,3,black,black,black
ASV35,1,3,black,black,black
ASV36,1,14,black,black,black
ASV37,667,29573,darkgoldenrod1,black,blue
ASV38,1,38,black,black,black
ASV39,1,8,black,black,black
ASV41,1,6,black,black,black
ASV42,1,182,black,black,black
ASV43,1,43,black,black,black
ASV44,13,61,black,slateblue1,black
ASV45,1,15,black,black,black
ASV47,1,4,black,black,black
ASV49,1,3,black,black,black
ASV50,1,7,black,black,black
ASV51,1,5,black,black,black
ASV52,1,3,black,black,black
ASV54,1,5,black,black,black
ASV55,1,8,black,black,black
ASV56,1,3,black,black,black
ASV57,1,2,black,black,black
ASV58,1,3,black,black,black
ASV59,1,3,black,black,black
ASV60,1,3,black,black,black
ASV61,1,3,black,black,black
ASV62,1,27,black,black,black
ASV64,1,10,black,black,black
ASV65,2,28,black,black,black
ASV66,1,11,black,black,black
ASV67,1,7,black,black,black
ASV68,1,9,black,slateblue1,black
ASV69,1,6,black,black,black
ASV70,1,17,black,black,black
ASV71,1,9,black,slateblue1,black
ASV72,5,112,darkgoldenrod1,slateblue1,black
ASV73,1,10,black,slateblue1,black
ASV74,4,32,darkgoldenrod1,slateblue1,black
ASV75,1,12,black,black,black
ASV76,1,21,black,slateblue1,black
ASV77,1,14,black,black,black
ASV78,13,149,darkgoldenrod1,black,black
ASV79,2,15,black,black,black
ASV80,1,6,black,black,black
ASV81,1,8,black,black,black
ASV82,1,6,black,black,black
ASV83,12,490,darkgoldenrod1,slateblue1,black
ASV85,13,230,black,slateblue1,black
ASV86,2,39,black,slateblue1,black
ASV87,5,82,darkgoldenrod1,slateblue1,black
ASV88,58,1149,darkgoldenrod1,black,black
ASV89,18,236,darkgoldenrod1,black,black
ASV90,1,18,black,black,black
ASV91,1,6,black,black,black
ASV92,24,618,darkgoldenrod1,black,black
ASV93,10,108,darkgoldenrod1,slateblue1,black
ASV94,3,29,black,black,black
ASV95,1,7,black,black,black
ASV96,3,76,black,slateblue1,black
ASV97,1,15,black,black,black
ASV98,1,7,black,black,black
ASV99,3,37,black,slateblue1,black
ASV100,22,142,darkgoldenrod1,black,black
ASV101,1,7,black,black,black
ASV102,8,51,black,slateblue1,black
ASV103,1,5,black,slateblue1,black
ASV104,1,10,black,black,black
ASV105,1,3,black,black,black
ASV106,5,11,black,slateblue1,black
ASV107,1,3,black,black,black
ASV108,1,4,black,black,black
ASV109,3,7,black,black,black
ASV110,1,4,black,black,black
ASV111,1,3,black,black,black
ASV112,28,216,darkgoldenrod1,black,black
ASV113,5,38,black,black,black
ASV114,1,4,black,black,black
ASV115,1,2,black,black,black
ASV116,1,3,black,black,black
ASV117,1,2,black,slateblue1,black
ASV118,2,6,black,slateblue1,black
ASV119,2,6,black,black,black
ASV120,1,2,black,black,black
ASV121,1,14,black,slateblue1,black
ASV122,4,141,darkgoldenrod1,black,black
ASV123,3,61,darkgoldenrod1,slateblue1,black
ASV124,1,12,black,black,black
ASV125,3,70,darkgoldenrod1,slateblue1,black
ASV126,3,32,darkgoldenrod1,black,black
ASV127,7,307,darkgoldenrod1,black,black
ASV128,1,58,black,black,black
ASV129,1,50,black,black,black
ASV130,1,7,black,black,black
ASV132,1,10,black,black,black
ASV133,1,8,black,slateblue1,black
ASV134,1,19,black,slateblue1,black
ASV135,2,41,darkgoldenrod1,black,black
ASV136,14,187,darkgoldenrod1,black,black
ASV137,31,804,darkgoldenrod1,black,black
ASV138,1,65,black,black,black
ASV139,2,68,darkgoldenrod1,black,black
ASV140,2,43,black,black,black
ASV141,1,24,black,slateblue1,black
ASV142,1,5,black,black,black
ASV143,50,1226,darkgoldenrod1,black,black
ASV144,1,26,black,slateblue1,black
ASV146,1,26,black,black,black
ASV147,4,70,black,black,black
ASV148,3,47,black,black,black
ASV149,1,48,black,black,black
ASV150,1,12,black,black,black
ASV151,1,2,black,black,black
ASV152,1,10,black,black,black
ASV153,1,9,black,black,black
ASV154,1,7,black,black,black
ASV155,4,69,black,slateblue1,black
ASV156,19,541,darkgoldenrod1,black,black
ASV157,1,16,black,slateblue1,black
ASV158,2,27,black,slateblue1,black
ASV159,3,38,black,slateblue1,black
ASV160,2,30,black,slateblue1,black
ASV161,1,13,black,black,black
ASV162,1,9,black,black,black
ASV163,2,76,darkgoldenrod1,black,black
ASV164,1,24,black,slateblue1,black
ASV165,1,15,black,slateblue1,black
ASV166,1,42,black,black,black
ASV167,4,54,black,slateblue1,black
ASV168,1,7,black,black,black
ASV169,1,10,black,black,black
ASV170,1,8,black,slateblue1,black
ASV171,1,11,black,black,black
ASV172,1,16,black,slateblue1,black
ASV173,1,25,black,slateblue1,black
ASV174,1,10,black,black,black
ASV175,2,28,black,black,black
ASV176,1,8,black,black,black
ASV177,2,11,black,black,black
ASV178,1,10,black,black,black
ASV179,1,2,black,black,black
ASV180,2,29,black,slateblue1,black
ASV181,1,7,black,black,black
ASV182,1,2,black,black,black
ASV183,1,2,black,black,black
ASV184,1,4,black,black,black
ASV185,1,4,black,black,black
ASV186,1,3,black,black,black
ASV187,1,2,black,black,black
ASV188,1,15,black,black,black
ASV189,2,25,black,slateblue1,black
ASV190,33,1155,darkgoldenrod1,black,black
ASV191,1,2,black,black,black
ASV192,5,39,darkgoldenrod1,slateblue1,black
ASV193,1,10,black,black,black
ASV194,1,7,black,slateblue1,black
ASV195,2,9,black,black,black
ASV196,1,11,black,black,black
ASV197,4,41,darkgoldenrod1,slateblue1,black
ASV198,1,10,black,slateblue1,black
ASV199,1,9,black,black,black
ASV200,1,13,black,black,black
ASV201,37,443,darkgoldenrod1,black,black
ASV202,1,7,black,black,black
ASV203,1,8,black,black,black
ASV204,6,91,black,black,black
ASV205,1,10,black,black,black
ASV206,1,93,black,black,black
ASV207,1,8,black,black,black
ASV208,149,6220,darkgoldenrod1,black,blue
ASV209,1,19,black,black,black
ASV210,1,13,black,black,black
ASV211,1,8,black,black,black
ASV212,1,8,black,black,black
ASV213,11,162,darkgoldenrod1,slateblue1,black
ASV214,1,10,black,black,black
ASV215,38,370,darkgoldenrod1,black,black
ASV216,1,4,black,black,black
ASV217,1,3,black,black,black
ASV218,1,8,black,black,black
ASV219,1,27,black,black,black
ASV220,1,11,black,black,black
ASV221,4,50,darkgoldenrod1,slateblue1,black
ASV222,7,57,darkgoldenrod1,slateblue1,black
ASV223,5,72,darkgoldenrod1,black,black
ASV224,29,406,darkgoldenrod1,slateblue1,black
ASV225,1,27,black,black,black
ASV226,2,26,black,black,black
ASV227,1,13,black,slateblue1,black
ASV228,1,8,black,black,black
ASV229,6,85,darkgoldenrod1,black,black
ASV230,5,54,darkgoldenrod1,black,black
ASV232,98,2810,darkgoldenrod1,black,black
ASV233,5,129,darkgoldenrod1,black,black
ASV234,2,19,black,black,black
ASV235,1,26,black,black,black
ASV236,32,708,darkgoldenrod1,black,black
ASV237,1,6,black,black,black
ASV238,1,34,black,black,black
ASV239,3,59,black,slateblue1,black
ASV240,1,17,black,black,black
ASV241,19,222,darkgoldenrod1,black,black
ASV242,1,11,black,black,black
ASV243,1,9,black,black,black
ASV244,5,45,black,slateblue1,black
ASV245,1,9,black,black,black
ASV246,28,867,darkgoldenrod1,black,black
ASV247,2,40,black,black,black
ASV248,6,83,black,slateblue1,black
ASV249,4,62,darkgoldenrod1,black,black
ASV251,1,16,black,black,black
ASV252,1,14,black,slateblue1,black
ASV253,1,62,black,slateblue1,black
ASV254,1,31,black,slateblue1,black
ASV255,3,69,darkgoldenrod1,slateblue1,black
ASV256,1,14,black,slateblue1,black
ASV257,26,1039,darkgoldenrod1,black,black
ASV258,1,24,black,slateblue1,black
ASV259,2,57,black,black,black
ASV260,2,21,black,black,black
ASV261,8,60,darkgoldenrod1,slateblue1,black
ASV262,1,16,black,slateblue1,black
ASV263,1,10,black,black,black
ASV264,6,81,black,slateblue1,black
ASV265,1,17,black,slateblue1,black
ASV266,1,8,black,black,black
ASV267,2,10,black,black,black
ASV268,1,4,black,black,black
ASV269,1,8,black,black,black
ASV270,3,10,black,black,black
ASV271,1,2,black,black,black
ASV272,1,9,black,black,black
ASV273,1,2,black,black,black
ASV274,3,14,black,black,black
ASV275,4,12,black,black,black
ASV276,1,5,black,slateblue1,black
ASV277,1,7,black,black,black
ASV278,2,4,black,black,black
ASV279,2,6,black,black,black
ASV280,5,37,darkgoldenrod1,slateblue1,black
ASV281,2,5,black,black,black
ASV282,1,6,black,black,black
ASV283,1,8,black,black,black
ASV284,1,2,black,black,black
ASV285,1,9,black,slateblue1,black
ASV286,1,3,black,black,black
ASV287,1,15,black,black,black
ASV289,1,5,black,black,black
ASV290,1,2,black,black,black
ASV291,1,4,black,black,black
ASV292,1,2,black,black,black
ASV293,1,2,black,black,black
ASV294,1,19,black,black,black
ASV295,1,2,black,black,black
ASV296,1,5,black,slateblue1,black
ASV297,1,9,black,slateblue1,black
ASV298,1,3,black,black,black
ASV299,1,10,black,slateblue1,black
ASV300,1,110,black,slateblue1,black
ASV301,1,2,black,black,black
ASV302,1,25,black,black,black
ASV303,1,5,black,black,black
ASV304,1,7,black,black,black
ASV305,1,4,black,black,black
ASV306,1,4,black,black,black
ASV307,6,16,black,black,black
ASV308,8,20,black,black,black
ASV309,1,3,black,black,black
ASV310,1,3,black,black,black
ASV311,1,7,black,black,black
ASV312,1,11,black,slateblue1,black
ASV313,1,4,black,black,black
ASV314,1,9,black,black,black
ASV315,1,2,black,black,black
ASV316,1,3,black,black,black
ASV317,1,4,black,black,black
ASV318,1,2,black,black,black
ASV319,1,4,black,black,black
ASV320,1,3,black,black,black
ASV321,1,7,black,black,black
ASV322,1,11,black,black,black
ASV324,1,3,black,black,black
ASV325,1,3,black,black,black
ASV326,1,4,black,black,black
ASV327,1,3,black,black,black
ASV328,1,4,black,black,black
ASV329,3,24,black,black,black
ASV330,12,1269,darkgoldenrod1,slateblue1,black
ASV331,1,12,black,black,black
ASV332,3,13,black,black,black
ASV333,1,5,black,black,black
ASV334,1,22,black,black,black
ASV335,5,18,black,black,black
ASV336,1,3,black,black,black
ASV337,1,3,black,black,black
ASV338,2,5,black,black,black
ASV339,1,3,black,black,black
ASV340,1,3,black,black,black
ASV342,3,26,black,black,black
ASV343,1,8,black,black,black
ASV344,1,10,black,black,black
ASV345,1,2,black,black,black
ASV346,1,22,black,black,black
ASV347,2,28,black,slateblue1,black
ASV348,2,419,black,black,black
ASV349,1,31,black,black,black
ASV350,11,1198,darkgoldenrod1,slateblue1,black
ASV351,1,26,black,black,black
ASV352,15,1178,darkgoldenrod1,slateblue1,black
ASV353,11,683,black,black,black
ASV354,1,19,black,black,black
ASV355,1,10,black,black,black
ASV356,1,164,black,slateblue1,black
ASV357,1,76,black,slateblue1,black
ASV358,1,63,black,black,black
ASV359,1,10,black,slateblue1,black
ASV360,1,22,black,black,black
ASV361,1,161,black,black,black
ASV362,1,41,black,black,black
ASV364,1,383,black,slateblue1,black
ASV365,1,2,black,slateblue1,black
ASV367,2,28,black,black,black
ASV368,501,159494,darkgoldenrod1,black,blue
ASV369,1,198,black,black,black
ASV370,106,1862,black,black,black
ASV371,1,35,black,black,black
ASV372,137,21132,darkgoldenrod1,black,blue
ASV373,1,28,black,black,black
ASV374,1,17,black,black,black
ASV375,1,58,black,black,black
ASV376,1,75,black,black,black
ASV377,1,74,black,black,black
ASV378,385,15849,darkgoldenrod1,black,blue
ASV379,6,555,black,black,black
ASV380,35,4876,darkgoldenrod1,slateblue1,black
ASV381,1,8,black,black,black
ASV382,49,11833,darkgoldenrod1,slateblue1,black
ASV383,348,11508,darkgoldenrod1,black,blue
ASV384,1,55,black,black,black
ASV385,1,5,black,black,black
ASV386,1,12,black,black,black
ASV387,1,125,black,black,black
ASV388,1,166,black,black,black
ASV389,1,8,black,black,black
ASV390,1,76,black,black,black
ASV391,1,57,black,black,black
ASV392,481,102500,darkgoldenrod1,black,blue
ASV393,1,19,black,black,black
ASV394,1,42,black,black,black
ASV395,1,31,black,black,black
ASV396,1,18,black,black,black
ASV397,1,79,black,black,black
ASV398,114,74635,darkgoldenrod1,black,black
ASV399,1,40,black,black,black
ASV400,1,14,black,black,black
ASV401,2,27,black,black,black
ASV402,28,15421,darkgoldenrod1,black,black
ASV403,15,84,darkgoldenrod1,black,black
ASV404,1,2,black,black,black
ASV405,1,2,black,black,black
ASV406,33,126,black,slateblue1,black
ASV407,1,3,black,black,black
ASV408,1,4,black,black,black
ASV409,1,6,black,black,black
ASV410,1,3,black,black,black
ASV411,1,4,black,black,black
ASV412,1,8,black,black,black
ASV413,1,7,black,black,black
ASV414,2,4,black,black,black
ASV416,1,3,black,black,black
ASV417,1,9,black,black,black
ASV418,1,6,black,black,black
ASV420,1,5,black,black,black
ASV421,1,6,black,black,black
ASV422,1,3,black,slateblue1,black
ASV423,1,7,black,black,black
ASV424,1,5,black,black,black
ASV425,1,4,black,black,black
ASV426,1,6,black,black,black
ASV427,1,4,black,black,black
ASV428,1,15,black,black,black
ASV429,1,6,black,black,black
ASV430,1,3,black,black,black
ASV431,3,22,black,black,black
ASV432,1,9,black,black,black
ASV433,1,5,black,black,black
ASV434,1,13,black,black,black
ASV435,1,5,black,black,black
ASV436,1,10,black,black,black
ASV437,1,5,black,black,black
ASV438,3,79,black,black,black
ASV439,1,11,black,black,black
ASV440,54,965,darkgoldenrod1,black,black
ASV441,1,13,black,black,black
ASV442,1,8,black,black,black
ASV443,5,80,black,slateblue1,black
ASV444,1,3,black,black,black
ASV445,3,112,black,slateblue1,black
ASV446,1,3,black,black,black
ASV447,1,3,black,black,black
ASV448,9,145,black,slateblue1,black
ASV449,1,8,black,black,black
ASV450,1,16,black,black,black
ASV451,12,146,darkgoldenrod1,black,black
ASV452,1,13,black,black,black
ASV453,126,5003,darkgoldenrod1,black,black
ASV454,1,8,black,black,black
ASV455,1,8,black,slateblue1,black
ASV456,1,6,black,black,black
ASV457,1,8,black,slateblue1,black
ASV459,1,10,black,black,black
ASV460,1,20,black,slateblue1,black
ASV462,9,210,darkgoldenrod1,black,black
ASV463,11,231,darkgoldenrod1,slateblue1,black
ASV464,1,11,black,black,black
ASV465,1,6,black,black,black
ASV466,1,4,black,black,black
ASV467,16,185,darkgoldenrod1,slateblue1,black
ASV468,1,10,black,black,black
ASV469,1,40,black,black,black
ASV470,1,21,black,black,black
ASV471,78,4059,darkgoldenrod1,black,black
ASV472,1,51,black,black,black
ASV473,1,33,black,black,black
ASV474,1,7,black,black,black
ASV476,1,3,black,black,black
ASV477,1,22,black,black,black
ASV478,1,16,black,black,black
ASV479,1,3,black,black,black
ASV480,1,5,black,black,black
ASV481,1,8,black,black,black
ASV482,1,6,black,black,black
ASV483,1,3,black,black,black
ASV484,1,2,black,black,black
ASV485,1,3,black,slateblue1,black
ASV486,1,10,black,black,black
ASV487,1,6,black,slateblue1,black
ASV488,1,2,black,black,black
ASV489,1,4,black,black,black
ASV490,5,46,black,slateblue1,black
ASV491,1,7,black,black,black
ASV492,1,10,black,black,black
ASV493,1,17,black,black,black
ASV494,1,11,black,black,black
ASV495,1,21,black,black,black
ASV496,1,11,black,black,black
ASV497,1,5,black,black,black
ASV498,12,137,darkgoldenrod1,black,black
ASV499,1,8,black,slateblue1,black
ASV500,1,3,black,slateblue1,black
ASV502,1,6,black,black,black
ASV503,1,11,black,black,black
ASV504,16,2623,black,black,black
ASV505,1,5,black,black,black
ASV506,1,35,black,black,black
ASV507,9,1851,black,black,black
ASV508,9,2204,black,black,black
ASV509,1,4,black,black,black
ASV510,1,9,black,black,black
ASV511,2,393,black,black,black
ASV512,2,626,black,black,black
ASV513,1,8,black,black,black
ASV514,1,3,black,black,black
ASV515,1,8,black,black,black
ASV516,1,4,black,black,black
ASV517,18,884,black,black,black
ASV518,1,5,black,black,black
ASV519,54,16136,black,black,black
ASV520,1,38,black,black,black
ASV521,1,42,black,black,black
ASV522,1,141,black,black,black
ASV523,1,10,black,black,black
ASV524,1,3,black,black,black
ASV525,1,4,black,black,black
ASV526,1,8,black,black,black
ASV527,2,41,black,black,black
ASV528,1,35,black,black,black
ASV529,1,6,black,black,black
ASV530,1,38,black,black,black
ASV531,1,6,black,black,black
ASV532,1,24,black,black,black
ASV533,1,29,black,black,black
ASV534,23,663,black,black,black
ASV535,1,9,black,black,black
ASV536,1,20,black,black,black
ASV537,1,7,black,black,black
ASV539,1,15,black,black,black
ASV540,14,141,black,black,black
ASV541,1,3,black,black,black
ASV542,11,345,black,black,black
ASV543,1,12,black,black,black
ASV544,1,342,black,black,black
ASV545,1,32,black,black,black
ASV546,1,9,black,black,black
ASV547,5,53,black,black,black
ASV548,1,174,black,black,black
ASV549,5,81,black,black,black
ASV550,2,287,black,black,black
ASV551,3,416,black,black,black
ASV552,1,15,black,black,black
ASV553,1,49,black,black,black
ASV554,1,27,black,black,black
ASV555,1,3,black,black,black
ASV556,18,761,black,black,black
ASV557,1,20,black,black,black
ASV558,25,451,black,black,black
ASV559,1,10,black,black,black
ASV560,1,20,black,black,black
ASV561,1,14,black,black,black
ASV562,1,26,black,black,black
ASV563,105,17655,black,black,black
ASV564,12,2077,black,black,black
ASV565,4,631,black,black,black
ASV566,2,46,black,black,black
ASV567,1,322,black,black,black
ASV570,1,6,black,black,black
ASV571,1,3,black,black,black
ASV572,1,4,black,black,black
ASV573,1,4,black,black,black
ASV574,1,9,black,black,black
ASV575,2,19,darkgoldenrod1,black,black
ASV576,5,26,black,slateblue1,black
ASV577,4,43,black,slateblue1,black
ASV578,1,8,black,slateblue1,black
ASV579,1,3,black,black,black
ASV580,1,9,black,black,black
ASV581,2,19,black,black,black
ASV582,1,3,black,black,black
ASV583,2,16,black,black,black
ASV584,1,3,black,black,black
ASV585,1,3,black,slateblue1,black
ASV586,1,5,black,black,black
ASV587,1,11,black,black,black
ASV588,1,6,black,black,black
ASV589,1,5,black,black,black
ASV590,1,10,black,slateblue1,black
ASV591,1,5,black,black,black
ASV592,34,1995,darkgoldenrod1,black,black
ASV593,1,6,black,black,black
ASV594,1,12,black,black,black
ASV595,1,7,black,black,black
ASV596,2,25,black,black,black
ASV597,2,10,black,slateblue1,black
ASV598,1,6,black,black,black
ASV599,1,12,black,slateblue1,black
ASV600,1,5,black,slateblue1,black
ASV601,3,25,darkgoldenrod1,slateblue1,black
ASV602,1,25,black,black,black
ASV603,1,11,black,black,black
ASV604,1,9,black,black,black
ASV605,1,4,black,black,black
ASV606,1,5,black,black,black
ASV607,1,14,black,black,black
ASV608,39,504,darkgoldenrod1,black,black
ASV609,1,8,black,black,black
ASV610,1,10,black,black,black
ASV611,1,6,black,slateblue1,black
ASV612,7,71,darkgoldenrod1,slateblue1,black
ASV613,1,4,black,black,black
ASV614,6,63,darkgoldenrod1,slateblue1,black
ASV615,1,3,black,black,black
ASV616,1,10,black,slateblue1,black
ASV617,1,12,black,black,black
ASV618,1,107,black,slateblue1,black
ASV619,1,18,black,slateblue1,black
ASV620,10,363,darkgoldenrod1,slateblue1,black
ASV621,4,55,darkgoldenrod1,black,black
ASV622,1,9,black,slateblue1,black
ASV623,1,6,black,black,black
ASV624,16,120,darkgoldenrod1,slateblue1,black
ASV625,2,18,black,slateblue1,black
ASV626,1,3,black,black,black
ASV627,1,4,black,black,black
ASV628,1,3,black,slateblue1,black
ASV629,1,14,black,black,black
ASV630,26,485,darkgoldenrod1,black,black
ASV631,3,16,black,slateblue1,black
ASV632,1,21,black,black,black
ASV633,1,8,black,black,black
ASV634,1,24,black,black,black
ASV635,2,10,black,slateblue1,black
ASV636,1,3,black,black,black
ASV637,1,11,black,slateblue1,black
ASV638,1,15,black,black,black
ASV639,6,36,darkgoldenrod1,slateblue1,black
ASV640,11,126,black,slateblue1,black
ASV641,1,13,black,black,black
ASV642,7,55,darkgoldenrod1,black,black
ASV643,1,6,black,black,black
ASV644,1,10,black,black,black
ASV645,2,21,darkgoldenrod1,black,black
ASV646,1,11,black,black,black
ASV647,1,4,black,black,black
ASV648,3,28,darkgoldenrod1,black,black
ASV649,66,1130,darkgoldenrod1,black,black
ASV650,1,4,black,black,black
ASV651,1,5,black,slateblue1,black
ASV652,1,6,black,black,black
ASV653,4,31,black,slateblue1,black
ASV654,1,5,black,black,black
ASV655,1,4,black,black,black
ASV656,1,9,black,black,black
ASV657,1,4,black,black,black
ASV658,1,10,black,slateblue1,black
ASV659,1,7,black,black,black
ASV660,3,45,black,slateblue1,black
ASV661,1,9,black,black,black
ASV662,1,6,black,black,black
ASV663,3,35,black,black,black
ASV664,1,13,black,slateblue1,black
ASV665,1,7,black,black,black
ASV666,2,26,black,black,black
ASV667,1,12,black,black,black
ASV668,1,5,black,black,black
ASV669,1,11,black,black,black
ASV670,1,9,black,black,black
ASV671,1,5,black,black,black
ASV672,1,3,black,black,black
ASV673,1,5,black,slateblue1,black
ASV674,27,640,darkgoldenrod1,slateblue1,black
ASV675,1,4,black,slateblue1,black
ASV676,1,4,black,black,black
ASV677,1,7,black,black,black
ASV678,1,37,black,black,black
ASV679,4,31,black,black,black
ASV680,1,13,black,black,black
ASV681,16,357,black,black,black
ASV682,5,70,black,black,black
ASV683,1,33,black,black,black
ASV684,1,8,black,black,black
ASV685,2,22,black,black,black
ASV686,1,7,black,black,black
ASV687,1,10,black,black,black
ASV688,1,50,black,black,black
ASV689,1,85,black,black,black
ASV690,1,30,black,black,black
ASV691,8,154,black,slateblue1,black
ASV692,14,790,darkgoldenrod1,slateblue1,black
ASV693,1,47,black,black,black
ASV695,1,15,black,black,black
ASV696,3,48,darkgoldenrod1,black,black
ASV697,6,105,black,black,black
ASV698,3,53,black,black,black
ASV699,7,155,black,black,black
ASV700,1,11,black,black,black
ASV701,1,30,black,black,black
ASV702,1,10,black,black,black
ASV703,1,15,black,black,black
ASV704,1,18,black,black,black
ASV705,1,21,black,black,black
ASV706,3,28,black,black,black
ASV707,3,78,black,black,black
ASV708,2,15,black,slateblue1,black
ASV709,7,104,black,black,black
ASV710,1,7,black,black,black
ASV711,1,3,black,black,black
ASV712,1,6,black,black,black
ASV713,1,6,black,black,black
ASV714,11,441,darkgoldenrod1,black,black
ASV715,2,27,black,black,black
ASV716,1,42,black,black,black
ASV717,1,58,black,black,black
ASV718,1,6,black,black,black
ASV719,1,14,black,black,black
ASV720,2,20,black,black,black
ASV721,1,26,black,black,black
ASV722,1,14,black,black,black
ASV723,21,632,black,black,black
ASV724,1,22,black,black,black
ASV725,1,19,black,black,black
ASV726,1,15,black,black,black
ASV727,1,16,black,black,black
ASV728,1,20,black,black,black
ASV729,2,65,black,black,black
ASV730,1,4,black,black,black
ASV731,1,3,black,black,black
ASV732,1,4,black,black,black
ASV733,3,142,black,black,black
ASV734,1,25,black,black,black
ASV735,6,614,black,black,black
ASV736,169,6755,darkgoldenrod1,black,blue
ASV737,1,9,black,black,black
ASV738,1,15,black,slateblue1,black
ASV739,1,26,black,black,black
ASV740,1,15,black,black,black
ASV741,2,29,black,black,black
ASV742,3,21,black,black,black
ASV743,5,79,black,black,black
ASV744,1,16,black,black,black
ASV745,1,10,black,black,black
ASV746,1,25,black,black,black
ASV748,3,130,darkgoldenrod1,black,black
ASV749,2,40,black,black,black
ASV750,1,8,black,black,black
ASV751,1,58,black,black,black
ASV752,1,9,black,black,black
ASV754,1,19,black,black,black
ASV755,1,4,black,slateblue1,black
ASV756,2,16,black,black,black
ASV757,4,36,darkgoldenrod1,black,black
ASV758,9,116,darkgoldenrod1,slateblue1,black
ASV759,1,10,black,slateblue1,black
ASV760,1,5,black,slateblue1,black
ASV761,1,10,black,slateblue1,black
ASV762,1,22,black,black,black
ASV763,2,37,black,slateblue1,black
ASV764,2,61,black,black,black
ASV765,3,320,black,black,black
ASV766,8,262,darkgoldenrod1,slateblue1,black
ASV767,7,109,darkgoldenrod1,slateblue1,black
ASV768,1,28,black,black,black
ASV769,5,90,darkgoldenrod1,black,black
ASV770,1,2,black,black,black
ASV771,1,13,black,black,black
ASV772,6,77,darkgoldenrod1,black,black
ASV773,1,3,black,black,black
ASV774,1,8,black,black,black
ASV775,1,3,black,black,black
ASV776,1,8,black,black,black
ASV777,1,8,black,black,black
ASV778,3,63,black,slateblue1,black
ASV779,10,221,black,black,black
ASV780,15,528,black,black,black
ASV781,1,13,black,black,black
ASV782,1,14,black,black,black
ASV783,4,57,black,black,black
ASV785,1,10,black,black,black
ASV786,1,3,black,slateblue1,black
ASV787,1,4,black,black,black
ASV788,1,25,black,black,black
ASV790,5,114,black,black,black
ASV791,1,3,black,black,black
ASV793,1,7,black,black,black
ASV794,2,106,black,black,black
ASV795,2,15,black,black,black
ASV796,1,21,black,slateblue1,black
ASV797,1,8,black,black,black
ASV798,1,5,black,black,black
ASV799,4,26,black,black,black
ASV800,2,13,black,black,black
ASV801,2,16,black,black,black
ASV802,1,12,black,black,black
ASV803,4,140,black,black,black
ASV804,1,13,black,black,black
ASV805,1,38,black,black,black
ASV806,2,21,black,slateblue1,black
ASV807,2,25,black,black,black
ASV808,3,89,black,black,black
ASV809,1,75,black,black,black
ASV810,1,89,black,black,black
ASV811,3,79,black,black,black
ASV812,1,3,black,black,black
ASV813,1,5,black,black,black
ASV814,1,7,black,black,black
ASV815,1,37,black,black,black
ASV816,1,5,black,black,black
ASV817,1,6,black,black,black
ASV818,1,3,black,black,black
ASV819,1,5,black,black,black
ASV820,3,40,black,black,black
ASV821,1,16,black,black,black
ASV822,1,30,black,black,black
ASV823,1,3,black,black,black
ASV824,1,4,black,black,black
ASV825,2,26,black,black,black
ASV826,1,3,black,black,black
ASV827,1,3,black,black,black
ASV828,1,12,black,black,black
ASV829,1,7,black,black,black
ASV830,10,99,black,black,black
ASV831,5,106,black,black,black
ASV832,1,17,black,black,black
ASV833,1,17,black,black,black
ASV834,7,90,black,black,black
ASV835,4,47,black,black,black
ASV836,9,287,black,black,black
ASV837,1,3,black,black,black
ASV838,1,24,black,black,black
ASV839,1,6,black,black,black
ASV840,4,30,darkgoldenrod1,black,black
ASV841,3,108,black,black,black
ASV843,1,3,black,black,black
ASV844,2,13,black,slateblue1,black
ASV845,1,3,black,slateblue1,black
ASV846,2,14,black,black,black
ASV847,1,7,black,slateblue1,black
ASV848,2,22,darkgoldenrod1,black,black
ASV849,4,63,black,black,black
ASV850,1,9,black,black,black
ASV851,1,11,black,black,black
ASV852,1,14,black,black,black
ASV853,1,10,black,black,black
ASV854,1,3,black,black,black
ASV855,1,3,black,black,black
ASV857,1,3,black,black,black
ASV858,1,15,black,black,black
ASV859,1,6,black,black,black
ASV860,1,4,black,black,black
ASV861,1,3,black,black,black
ASV862,2,12,black,black,black
ASV863,1,15,black,slateblue1,black
ASV864,1,5,black,slateblue1,black
ASV865,2,155,black,slateblue1,black
ASV866,1,21,black,slateblue1,black
ASV867,1,27,black,black,black
ASV868,1,6,black,black,black
ASV869,1,17,black,black,black
ASV870,3,43,black,black,black
ASV871,2,23,black,slateblue1,black
ASV872,4,50,darkgoldenrod1,slateblue1,black
ASV873,3,16,darkgoldenrod1,black,black
ASV874,1,17,black,black,black
ASV875,1,53,black,black,black
ASV876,2,57,black,black,black
ASV877,30,631,darkgoldenrod1,black,black
ASV878,1,8,black,slateblue1,black
ASV879,1,52,black,slateblue1,black
ASV880,2,56,black,black,black
ASV881,1,73,black,slateblue1,black
ASV884,25,825,darkgoldenrod1,black,black
ASV885,1,96,black,slateblue1,black
ASV886,1,5,black,slateblue1,black
ASV887,1,64,black,slateblue1,black
ASV888,1,5,black,black,black
ASV889,1,6,black,slateblue1,black
ASV890,1,40,black,slateblue1,black
ASV891,1,90,black,slateblue1,black
ASV892,1,12,black,black,black
ASV893,1,4,black,slateblue1,black
ASV894,1,3,black,black,black
ASV895,1,70,black,slateblue1,black
ASV896,1,4,black,black,black
ASV897,1,3,black,black,black
ASV898,1,4,black,black,black
ASV899,1,44,black,black,black
ASV900,1,3,black,black,black
ASV902,1,5,black,black,black
ASV903,1,3,black,black,black
ASV904,1,11,black,black,black
ASV906,1,11,black,black,black
ASV907,1,12,black,black,black
ASV908,1,39,black,black,black
ASV909,1,8,black,black,black
ASV910,1,23,black,black,black
ASV911,1,8,black,black,black
ASV912,1,3,black,black,black
ASV913,1,8,black,black,black
ASV914,1,40,black,black,black
ASV915,1,70,black,black,black
ASV916,1,12,black,black,black
ASV917,1,30,black,black,black
ASV918,1,10,black,black,black
ASV919,1,13,black,black,black
ASV920,1,30,black,black,black
ASV921,1,114,black,slateblue1,black
ASV922,1,11,black,black,black
ASV923,1,22,black,black,black
ASV924,5,577,darkgoldenrod1,black,black
ASV925,1,42,black,slateblue1,black
ASV926,264,28556,darkgoldenrod1,black,blue
ASV927,1,14,black,black,black
ASV928,1,52,black,black,black
ASV929,1,7,black,black,black
ASV930,1,9,black,black,black
ASV931,1,6,black,black,black
ASV933,1,4,black,black,black
ASV934,1,9,black,black,black
ASV937,1,10,black,black,black
ASV938,1,5,black,black,black
ASV939,1,12,black,black,black
ASV940,1,7,black,black,black
ASV941,1,5,black,black,black
ASV942,1,16,black,black,black
ASV943,1,3,black,black,black
ASV944,1,7,black,black,black
ASV945,82,6992,darkgoldenrod1,black,black
ASV946,1,27,black,black,black
ASV947,1,7,black,black,black
ASV948,2,124,black,slateblue1,black
ASV949,6,189,darkgoldenrod1,black,black
ASV950,2,73,darkgoldenrod1,black,black
ASV951,2,54,black,slateblue1,black
ASV952,12,953,darkgoldenrod1,black,black
ASV953,1,396,black,slateblue1,black
ASV954,2,272,darkgoldenrod1,black,black
ASV955,1,14,black,black,black
ASV956,1,68,black,black,black
ASV957,1,59,black,black,black
ASV958,31,2216,darkgoldenrod1,slateblue1,black
ASV959,1,20,black,black,black
ASV960,1,9,black,black,black
ASV961,1,5,black,black,black
ASV962,1,9,black,black,black
ASV963,2,55,black,black,black
ASV964,18,426,darkgoldenrod1,black,black
ASV965,4,245,black,black,black
ASV966,13,656,darkgoldenrod1,black,black
ASV967,1,9,black,black,black
ASV968,2,77,black,black,black
ASV969,1,6,black,black,black
ASV970,1,13,black,black,black
ASV971,1,31,black,black,black
ASV972,1,38,black,black,black
ASV973,1,22,black,black,black
ASV974,1,28,black,black,black
ASV975,1,33,black,black,black
ASV977,1,32,black,black,black
ASV978,1,60,black,black,black
ASV979,124,4701,darkgoldenrod1,black,blue
ASV980,9,394,black,black,black
ASV981,1,12,black,black,black
ASV982,1,13,black,black,black
ASV983,3,46,black,black,black
ASV984,6,328,black,black,black
ASV985,1,9,black,slateblue1,black
ASV986,11,479,darkgoldenrod1,black,black
ASV987,1,4,black,black,black
ASV988,1,10,black,black,black
ASV989,31,903,darkgoldenrod1,black,black
ASV990,1,17,black,black,black
ASV991,10,421,darkgoldenrod1,slateblue1,black
ASV992,4,282,black,slateblue1,black
ASV993,15,995,darkgoldenrod1,slateblue1,black
ASV994,1,3,black,black,black
ASV995,1,9,black,black,black
ASV996,1,39,black,black,black
ASV997,1,43,black,black,black
ASV998,1,12,black,black,black
ASV999,1,5,black,black,black
ASV1000,1,4,black,black,black
ASV1001,1,4,black,black,black
ASV1002,1,3,black,black,black
ASV1003,1,3,black,black,black
ASV1004,1,10,black,black,black
ASV1005,1,6,black,black,black
ASV1006,1,5,black,black,black
ASV1007,238,26430,darkgoldenrod1,black,blue
ASV1008,1,17,black,black,black
ASV1009,1,14,black,black,black
ASV1010,1,75,black,black,black
ASV1011,1,42,black,black,black
ASV1012,1,8,black,black,black
ASV1013,1,31,black,black,black
ASV1014,1,26,black,black,black
ASV1015,42,4333,darkgoldenrod1,black,black
ASV1016,2,100,black,black,black
ASV1019,1,12,black,black,black
ASV1020,1,7,black,black,black
ASV1021,1,41,black,black,black
ASV1022,1,23,black,black,black
ASV1023,1,3,black,black,black
ASV1024,1,41,black,black,black
ASV1026,1,28,black,black,black
ASV1027,1,13,black,black,black
ASV1028,1,57,black,black,black
ASV1029,1,13,black,black,black
ASV1030,1,9,black,black,black
ASV1031,6,208,darkgoldenrod1,black,black
ASV1032,1,6,black,black,black
ASV1034,1,4,black,black,black
ASV1035,1,16,black,black,black
ASV1036,1,14,black,black,black
ASV1037,1,15,black,black,black
ASV1038,75,2240,darkgoldenrod1,black,blue
ASV1039,1,8,black,slateblue1,black
ASV1040,11,421,darkgoldenrod1,slateblue1,black
ASV1041,3,294,black,slateblue1,black
ASV1042,1,52,black,black,black
ASV1044,2,43,black,slateblue1,black
ASV1045,2,63,black,black,black
ASV1046,1,16,black,black,black
ASV1047,22,390,darkgoldenrod1,black,black
ASV1048,1,4,black,black,black
ASV1049,1,40,black,black,black
ASV1050,1,4,black,black,black
ASV1051,1,2,black,black,black
ASV1052,17,232,darkgoldenrod1,slateblue1,black
ASV1053,1,18,black,slateblue1,black
ASV1054,1,14,black,black,black
ASV1055,1,4,black,black,black
ASV1056,5,137,darkgoldenrod1,black,black
ASV1057,8,177,darkgoldenrod1,slateblue1,black
ASV1058,1,4,black,black,black
ASV1060,1,3,black,black,black
ASV1061,1,3,black,black,black
ASV1065,1,2,black,black,black
ASV1066,1,3,black,black,black
ASV1067,1,4,black,black,black
ASV1068,1,9,black,black,black
ASV1069,1,5,black,black,black
ASV1070,1,3,black,black,black
ASV1071,1,3,black,black,black
ASV1072,1,3,black,black,black
ASV1073,1,3,black,black,black
ASV1074,1,14,black,black,black
ASV1075,1,5,black,black,black
ASV1076,1,2,black,black,black
ASV1077,1,3,black,black,black
ASV1078,1,9,black,black,black
ASV1079,1,4,black,black,black
ASV1081,1,3,black,black,black
ASV1082,1,8,black,black,black
ASV1083,1,13,black,black,black
ASV1085,1,2,black,black,black
ASV1086,1,5,black,black,black
ASV1087,1,6,black,black,black
ASV1088,1,4,black,black,black
ASV1089,1,6,black,black,black
ASV1090,1,2,black,black,black
ASV1091,1,13,black,black,black
ASV1093,1,3,black,black,black
ASV1094,1,18,black,black,black
ASV1096,1,4,black,slateblue1,black
ASV1097,6,355,black,slateblue1,black
ASV1098,27,972,darkgoldenrod1,black,black
ASV1099,1,36,black,black,black
ASV1100,3,197,black,black,black
ASV1101,1,32,black,slateblue1,black
ASV1102,7,284,darkgoldenrod1,slateblue1,black
ASV1103,15,418,darkgoldenrod1,black,black
ASV1104,9,302,darkgoldenrod1,slateblue1,black
ASV1105,1,22,black,black,black
ASV1106,1,68,black,black,black
ASV1108,1,17,black,black,black
ASV1109,2,12,black,black,black
ASV1110,2,209,black,black,black
ASV1111,4,106,black,black,black
ASV1112,1,46,black,black,black
ASV1113,1,2,black,black,black
ASV1114,1,44,black,black,black
ASV1115,1,20,black,black,black
ASV1116,4,41,black,black,black
ASV1117,1,23,black,black,black
ASV1118,17,1130,darkgoldenrod1,slateblue1,black
ASV1119,1,2,black,black,black
ASV1120,3,88,black,slateblue1,black
ASV1121,49,2757,darkgoldenrod1,black,black
ASV1122,1,71,black,black,black
ASV1123,1,9,black,black,black
ASV1124,2,53,black,black,black
ASV1125,1,28,black,black,black
ASV1126,1,7,black,black,black
ASV1127,4,289,black,black,black
ASV1128,5,10,black,black,black
ASV1129,2,72,darkgoldenrod1,black,black
ASV1130,6,24,black,black,black
ASV1131,5,373,black,black,black
ASV1132,1,6,black,black,black
ASV1133,2,132,black,black,black
ASV1134,2,180,black,black,black
ASV1135,388,52979,darkgoldenrod1,black,blue
ASV1136,1,77,black,black,black
ASV1137,1,14,black,black,black
ASV1138,1,84,black,black,black
ASV1139,1,4,black,black,black
ASV1140,1,10,black,black,black
ASV1141,1,5,black,black,black
ASV1142,1,4,black,slateblue1,black
ASV1143,1,4,black,black,black
ASV1145,1,6,black,black,black
ASV1147,1,2,black,black,black
ASV1148,1,3,black,black,black
ASV1151,1,3,black,black,black
ASV1152,1,9,black,black,black
ASV1153,1,109,black,black,black
ASV1154,1,39,black,black,black
ASV1155,91,5846,darkgoldenrod1,black,blue
ASV1156,23,1682,black,black,black
ASV1157,23,1743,darkgoldenrod1,black,black
ASV1158,1,14,black,slateblue1,black
ASV1159,1,11,black,black,black
ASV1160,2,153,black,black,black
ASV1161,1,9,black,black,black
ASV1162,1,17,black,black,black
ASV1163,12,375,black,black,black
ASV1164,1,2,black,black,black
ASV1165,12,427,black,black,black
ASV1166,1,39,black,black,black
ASV1167,5,149,black,slateblue1,black
ASV1168,1,29,black,black,black
ASV1169,2,81,black,black,black
ASV1170,21,1866,darkgoldenrod1,black,black
ASV1171,1,17,black,black,black
ASV1172,15,346,black,black,black
ASV1173,1,62,black,black,black
ASV1174,1,100,black,black,black
ASV1175,78,7197,darkgoldenrod1,black,black
ASV1176,202,28235,darkgoldenrod1,black,blue
ASV1177,1,17,black,black,black
ASV1178,1,18,black,black,black
ASV1179,1,55,black,black,black
ASV1180,1,39,black,black,black
ASV1181,4,101,black,black,black
ASV1182,15,221,black,black,black
ASV1183,29,185,darkgoldenrod1,slateblue1,black
ASV1184,16,224,darkgoldenrod1,black,black
ASV1185,1,15,black,slateblue1,black
ASV1187,1,14,black,black,black
ASV1188,1,34,black,black,black
ASV1189,279,43028,darkgoldenrod1,black,blue
ASV1190,1,46,black,black,black
ASV1191,4,215,darkgoldenrod1,slateblue1,black
ASV1192,1,24,black,black,black
ASV1193,1,22,black,black,black
ASV1194,1,51,black,black,black
ASV1195,167,20420,darkgoldenrod1,black,black
ASV1196,1,33,black,black,black
ASV1197,45,723,darkgoldenrod1,black,black
ASV1198,1,20,black,black,black
ASV1199,79,1111,darkgoldenrod1,black,black
ASV1200,1,21,black,black,black
ASV1201,1,15,black,black,black
ASV1202,1,39,black,slateblue1,black
ASV1203,11,151,black,black,black
ASV1204,11,627,darkgoldenrod1,black,black
ASV1205,8,342,black,black,black
ASV1206,1,34,black,black,black
ASV1207,53,593,darkgoldenrod1,black,black
ASV1208,17,1938,darkgoldenrod1,black,black
ASV1209,6,441,black,black,black
ASV1210,3,9,black,black,black
ASV1211,1,24,black,black,black
ASV1212,41,470,black,black,black
ASV1213,1,28,black,black,black
ASV1214,1,14,black,black,black
ASV1215,10,609,darkgoldenrod1,black,black
ASV1216,1,23,black,black,black
ASV1217,16,171,darkgoldenrod1,black,black
ASV1218,1,12,black,black,black
ASV1219,2,18,black,black,black
ASV1220,6,195,black,slateblue1,black
ASV1221,6,31,black,slateblue1,black
ASV1222,1,28,black,black,black
ASV1223,7,485,darkgoldenrod1,slateblue1,black
ASV1224,1,22,black,black,black
ASV1225,1,12,black,black,black
ASV1226,1,17,black,black,black
ASV1227,1,7,black,black,black
ASV1228,76,742,darkgoldenrod1,black,black
ASV1229,1,11,black,black,black
ASV1230,1,10,black,black,black
ASV1231,32,218,darkgoldenrod1,black,black
ASV1232,1,38,black,black,black
ASV1233,122,11311,darkgoldenrod1,black,blue
ASV1234,1,57,black,black,black
ASV1235,1,167,black,black,black
ASV1236,1,36,black,black,black
ASV1237,1,76,black,black,black
ASV1238,1,45,black,black,black
ASV1239,1,13,black,black,black
ASV1240,46,2329,darkgoldenrod1,black,black
ASV1241,7,610,black,black,black
ASV1242,15,371,black,black,black
ASV1243,12,1645,darkgoldenrod1,black,black
ASV1244,1,15,black,black,black
ASV1245,1,20,black,slateblue1,black
ASV1246,1,20,black,black,black
ASV1247,2,155,black,black,black
ASV1248,3,167,black,black,black
ASV1249,1,28,black,slateblue1,black
ASV1250,14,432,darkgoldenrod1,black,black
ASV1251,3,151,black,slateblue1,black
ASV1252,11,497,black,black,black
ASV1253,2,111,black,black,black
ASV1254,1,24,black,slateblue1,black
ASV1255,1,63,black,black,black
ASV1256,38,1190,darkgoldenrod1,black,black
ASV1257,14,223,darkgoldenrod1,black,black
ASV1258,2,88,black,slateblue1,black
ASV1259,22,1547,darkgoldenrod1,black,black
ASV1260,9,65,black,black,black
ASV1261,5,185,black,black,black
ASV1262,1,29,black,black,black
ASV1263,5,237,black,black,black
ASV1264,3,52,black,black,black
ASV1265,19,415,darkgoldenrod1,black,black
ASV1266,6,54,black,black,black
ASV1267,1,108,black,black,black
ASV1268,36,2736,darkgoldenrod1,black,black
ASV1269,33,757,darkgoldenrod1,slateblue1,black
ASV1270,1,18,black,black,black
ASV1271,47,4121,darkgoldenrod1,black,black
ASV1272,63,5513,darkgoldenrod1,black,black
ASV1273,14,320,darkgoldenrod1,black,black
ASV1274,3,340,black,slateblue1,black
ASV1275,1,61,black,black,black
ASV1276,1,26,black,black,black
ASV1277,3,257,darkgoldenrod1,slateblue1,black
ASV1278,15,191,black,slateblue1,black
ASV1279,13,709,darkgoldenrod1,black,black
ASV1280,22,916,darkgoldenrod1,black,black
ASV1281,1,2,black,slateblue1,black
ASV1282,1,39,black,black,black
ASV1283,1,13,black,black,black
ASV1284,5,44,black,black,black
ASV1285,2,97,darkgoldenrod1,black,black
ASV1286,1,6,black,black,black
ASV1287,1,6,black,black,black
ASV1288,2,6,black,black,black
ASV1289,1,3,black,black,black
ASV1290,1,3,black,black,black
ASV1291,1,14,black,black,black
ASV1292,1,3,black,black,black
ASV1293,1,3,black,black,black
ASV1294,1,3,black,black,black
ASV1295,1,14,black,black,black
ASV1296,1,4,black,black,black
ASV1298,1,4,black,black,black
ASV1299,1,7,black,black,black
ASV1300,1,23,black,black,black
ASV1301,1,8,black,black,black
ASV1302,1,5,black,black,black
ASV1303,75,1445,darkgoldenrod1,black,black
ASV1304,1,12,black,black,black
ASV1305,1,8,black,black,black
ASV1306,1,12,black,black,black
ASV1307,1,8,black,black,black
ASV1308,1,17,black,black,black
ASV1309,1,4,black,black,black
ASV1310,1,13,black,black,black
ASV1311,1,13,black,black,black
ASV1312,1,11,black,black,black
ASV1313,132,5213,darkgoldenrod1,black,black
ASV1314,1,7,black,black,black
ASV1315,1,9,black,black,black
ASV1316,1,65,black,black,black
ASV1318,1,12,black,black,black
ASV1319,1,15,black,black,black
ASV1320,1,9,black,black,black
ASV1321,1,14,black,black,black
ASV1322,10,248,darkgoldenrod1,black,black
ASV1323,1,23,black,black,black
ASV1324,15,375,darkgoldenrod1,black,black
ASV1325,1,10,black,black,black
ASV1326,1,20,black,black,black
ASV1327,1,8,black,black,black
ASV1328,7,149,darkgoldenrod1,slateblue1,black
ASV1329,25,752,darkgoldenrod1,black,black
ASV1330,11,188,darkgoldenrod1,black,black
ASV1331,1,4,black,black,black
ASV1332,1,8,black,black,black
ASV1333,1,9,black,black,black
ASV1334,1,4,black,black,black
ASV1335,2,8,black,slateblue1,black
ASV1336,126,3747,darkgoldenrod1,black,black
ASV1337,1,3,black,slateblue1,black
ASV1338,1,7,black,black,black
ASV1339,1,4,black,black,black
ASV1340,1,6,black,black,black
ASV1341,1,4,black,black,black
ASV1342,1,6,black,black,black
ASV1343,1,10,black,black,black
ASV1344,1,14,black,black,black
ASV1345,1,20,black,black,black
ASV1346,1,20,black,black,black
ASV1347,1,16,black,black,black
ASV1348,1,14,black,black,black
ASV1349,2,25,black,black,black
ASV1350,1,11,black,black,black
ASV1351,25,359,darkgoldenrod1,black,black
ASV1352,4,22,darkgoldenrod1,slateblue1,black
ASV1353,1,12,black,black,black
ASV1354,1,3,black,black,black
ASV1355,1,4,black,black,black
ASV1356,14,196,darkgoldenrod1,slateblue1,black
ASV1357,1,10,black,slateblue1,black
ASV1358,1,11,black,black,black
ASV1361,1,10,black,slateblue1,black
ASV1362,1,6,black,slateblue1,black
ASV1363,1,5,black,black,black
ASV1364,6,168,black,slateblue1,black
ASV1365,1,3,black,slateblue1,black
ASV1366,6,314,black,slateblue1,black
ASV1367,17,717,darkgoldenrod1,slateblue1,black
ASV1368,1,10,black,black,black
ASV1369,1,15,black,black,black
ASV1371,38,1557,darkgoldenrod1,black,black
ASV1372,1,22,black,black,black
ASV1373,1,3,black,black,black
ASV1374,4,193,black,slateblue1,black
ASV1375,1,37,black,black,black
ASV1376,1,14,black,black,black
ASV1377,1,4,black,black,black
ASV1378,1,10,black,black,black
ASV1379,1,17,black,black,black
ASV1380,1,2,black,black,black
ASV1381,1,21,black,black,black
ASV1383,1,20,black,black,black
ASV1384,1,11,black,black,black
ASV1385,1,16,black,black,black
ASV1386,1,3,black,black,black
ASV1387,1,4,black,black,black
ASV1388,1,11,black,black,black
ASV1389,1,208,black,black,black
ASV1390,1,349,black,black,black
ASV1391,4,799,darkgoldenrod1,black,black
ASV1392,1,20,black,black,black
ASV1393,1,13,black,black,black
ASV1394,14,1181,darkgoldenrod1,slateblue1,black
ASV1395,1,15,black,black,black
ASV1396,9,480,darkgoldenrod1,black,black
ASV1397,1,8,black,black,black
ASV1398,1,63,black,black,black
ASV1399,1,111,black,black,black
ASV1400,67,11761,darkgoldenrod1,black,black
ASV1401,1,28,black,black,black
ASV1402,1,63,black,black,black
ASV1403,1,376,black,slateblue1,black
ASV1404,1,33,black,black,black
ASV1405,1,30,black,black,black
ASV1406,1,35,black,black,black
ASV1407,1,10,black,black,black
ASV1408,1,27,black,black,black
ASV1409,1,4,black,black,black
ASV1410,1,4,black,black,black
ASV1411,1,7,black,black,black
ASV1412,1,3,black,black,black
ASV1413,1,7,black,black,black
ASV1414,1,3,black,black,black
ASV1415,1,3,black,black,black
ASV1416,1,3,black,black,black
ASV1417,1,4,black,slateblue1,black
ASV1418,1,11,black,black,black
ASV1419,1,8,black,black,black
ASV1420,1,6,black,black,black
ASV1421,1,4,black,black,black
ASV1422,1,279,black,black,black
ASV1424,3,220,black,black,black
ASV1425,1,13,black,black,black
ASV1426,1,54,black,black,black
ASV1427,1,21,black,slateblue1,black
ASV1428,565,166474,darkgoldenrod1,black,blue
ASV1429,1,223,black,black,black
ASV1430,1,84,black,slateblue1,black
ASV1431,2,62,black,black,black
ASV1432,1,15,black,black,black
ASV1433,1,19,black,black,black
ASV1434,1,30,black,black,black
ASV1435,1,22,black,black,black
ASV1436,1,30,black,black,black
ASV1437,1,8,black,black,black
ASV1438,1,13,black,black,black
ASV1439,1,9,black,black,black
ASV1440,1,7,black,black,black
ASV1441,1,3,black,black,black
ASV1442,1,3,black,black,black
ASV1443,1,5,black,black,black
ASV1444,1,10,black,black,black
ASV1445,1,4,black,black,black
ASV1446,1,3,black,black,black
ASV1447,3,109,black,black,black
ASV1448,1,37,black,black,black
ASV1449,1,17,black,black,black
ASV1450,7,1207,darkgoldenrod1,black,black
ASV1451,4,669,black,black,black
ASV1452,3,345,darkgoldenrod1,black,black
ASV1453,1,11,black,black,black
ASV1454,4,288,darkgoldenrod1,slateblue1,black
ASV1455,4,345,black,black,black
ASV1456,5,1027,darkgoldenrod1,slateblue1,black
ASV1457,3,353,darkgoldenrod1,black,black
ASV1458,1,50,black,black,black
ASV1459,1,37,black,black,black
ASV1460,41,5674,darkgoldenrod1,black,black
ASV1461,8,644,black,black,black
ASV1462,10,540,black,black,black
ASV1463,1,23,black,black,black
ASV1464,1,9,black,black,black
ASV1465,1,9,black,black,black
ASV1466,1,16,black,black,black
ASV1467,1,6,black,black,black
ASV1468,261,53537,darkgoldenrod1,black,black
ASV1469,1,4,black,black,black
ASV1470,1,3,black,black,black
ASV1471,1,3,black,black,black
ASV1472,1,3,black,black,black
ASV1473,1,3,black,black,black
ASV1474,1,60,black,black,black
ASV1475,117,26195,darkgoldenrod1,black,black
ASV1476,127,25176,darkgoldenrod1,black,black
ASV1477,1,12,black,black,black
ASV1478,1,10,black,black,black
ASV1479,1,5,black,black,black
ASV1480,1,68,black,black,black
ASV1481,31,2195,darkgoldenrod1,black,black
ASV1482,1,3,black,black,black
ASV1483,29,2182,darkgoldenrod1,black,black
ASV1484,77,17853,darkgoldenrod1,black,black
ASV1485,1,43,black,black,black
ASV1486,1,31,black,black,black
ASV1487,1,6,black,black,black
ASV1488,1,29,black,black,black
ASV1489,1,41,black,black,black
ASV1490,1,76,black,black,black
ASV1491,12,1420,darkgoldenrod1,black,black
ASV1492,38,1049,darkgoldenrod1,black,black
ASV1493,2,339,black,black,black
ASV1494,29,4942,darkgoldenrod1,black,black
ASV1495,1,12,black,black,black
ASV1496,1,6,black,black,black
ASV1497,3,199,black,black,black
ASV1498,7,1866,black,black,black
ASV1499,2,778,darkgoldenrod1,black,black
ASV1500,1,54,black,black,black
ASV1501,15,1127,darkgoldenrod1,black,black
ASV1502,8,3273,black,black,black
ASV1503,8,2035,black,black,black
ASV1504,1,58,black,black,black
ASV1505,1,32,black,black,black
ASV1506,22,2781,black,black,black
ASV1507,1,53,black,black,black
ASV1508,6,1353,black,black,black
ASV1509,1,3,black,black,black
ASV1510,6,667,darkgoldenrod1,black,black
ASV1511,1,5,black,black,black
ASV1514,321,331393,darkgoldenrod1,black,blue
ASV1515,1,152,black,black,black
ASV1516,2,251,darkgoldenrod1,black,black
ASV1517,1,8,black,black,black
ASV1518,1,69,black,black,black
ASV1519,1,31,black,black,black
ASV1520,2,40,black,black,black
ASV1521,37,2636,black,black,black
ASV1522,1,12,black,black,black
ASV1523,1,12,black,black,black
ASV1524,1,11,black,black,black
ASV1525,1,5,black,black,black
ASV1527,1,3,black,black,black
ASV1528,1,123,black,slateblue1,black
ASV1529,1,17,black,black,black
ASV1530,1,71,black,black,black
ASV1531,1,7,black,black,black
ASV1532,1,193,black,black,black
ASV1533,1,33,black,black,black
ASV1534,44,11568,darkgoldenrod1,black,black
ASV1535,8,1737,black,slateblue1,black
ASV1536,6,1334,black,slateblue1,black
ASV1537,1,47,black,black,black
ASV1538,1,16,black,black,black
ASV1539,52,7501,darkgoldenrod1,black,black
ASV1540,1,31,black,black,black
ASV1541,1,33,black,black,black
ASV1542,38,4223,darkgoldenrod1,black,black
ASV1543,1,62,black,black,black
ASV1544,1,3,black,black,black
ASV1545,1,5,black,black,black
ASV1546,1,6,black,black,black
ASV1547,1,3,black,black,black
ASV1549,1,22,black,black,black
ASV1550,110,9746,darkgoldenrod1,black,black
ASV1551,203,69822,darkgoldenrod1,black,black
ASV1552,1,168,black,black,black
ASV1553,1,139,black,black,black
ASV1554,1,31,black,black,black
ASV1555,6,1202,black,black,black
ASV1556,32,5657,black,black,black
ASV1557,11,3385,black,black,black
ASV1559,1,31,black,black,black
ASV1560,1,31,black,black,black
ASV1561,300,145245,darkgoldenrod1,black,black
ASV1562,1,14,black,black,black
ASV1563,1,27,black,black,black
ASV1564,16,973,black,black,black
ASV1565,3,147,darkgoldenrod1,black,black
ASV1566,204,84720,darkgoldenrod1,black,black
ASV1567,1,22,black,black,black
ASV1568,1,20,black,black,black
ASV1569,2,1562,black,black,black
ASV1570,1,12,black,black,black
ASV1571,90,11622,darkgoldenrod1,black,black
ASV1572,1,3,black,black,black
ASV1573,1,4,black,black,black
ASV1574,1,5,black,black,black
ASV1575,1,3,black,black,black
ASV1576,1,3,black,black,black
ASV1577,1,6,black,black,black
ASV1578,1,21,black,black,black
ASV1579,1,14,black,black,black
ASV1580,1,11,black,black,black
ASV1581,1,4,black,black,black
ASV1582,1,6,black,black,black
ASV1583,1,18,black,black,black
ASV1584,1,9,black,black,black
ASV1585,2,15,black,black,black
ASV1586,1,6,black,black,black
ASV1587,1,20,black,black,black
ASV1589,1,3,black,black,black
ASV1590,1,3,black,black,black
ASV1591,4,70,black,black,black
ASV1593,1,6,black,black,black
ASV1594,5,106,black,black,black
ASV1595,1,7,black,black,black
ASV1596,1,6,black,black,black
ASV1597,1,4,black,black,black
ASV1598,6,53,black,black,black
ASV1599,1,3,black,black,black
ASV1600,1,3,black,black,black
ASV1601,1,8,black,black,black
ASV1602,1,6,black,black,black
ASV1603,1,3,black,black,black
ASV1604,1,3,black,black,black
ASV1605,1,3,black,black,black
ASV1607,1,7,black,black,black
ASV1608,1,8,black,black,black
ASV1609,1,11,black,black,black
ASV1611,1,6,black,black,black
ASV1612,1,4,black,black,black
ASV1613,1,3,black,black,black
ASV1614,1,3,black,black,black
ASV1615,1,5,black,black,black
ASV1616,1,4,black,black,black
ASV1617,1,4,black,black,black
ASV1618,1,3,black,black,black
ASV1620,1,4,black,black,black
ASV1621,1,4,black,black,black
ASV1622,1,5,black,black,black
ASV1623,1,3,black,black,black
ASV1624,1,3,black,black,black
ASV1628,1,4,black,black,black
ASV1629,1,5,black,black,black
ASV1630,1,36,black,black,black
ASV1631,1,6,black,black,black
ASV1633,1,3,black,black,black
ASV1634,1,7,black,black,black
ASV1635,1,8,black,slateblue1,black
ASV1636,1,2,black,black,black
ASV1637,1,3,black,black,black
ASV1640,1,3,black,black,black
ASV1641,1,4,black,black,black
ASV1642,1,5,black,black,black
ASV1643,1,4,black,black,black
ASV1644,1,11,black,black,black
ASV1645,3,22,black,black,black
ASV1646,1,7,black,black,black
ASV1647,1,7,black,black,black
ASV1648,1,4,black,black,black
ASV1649,1,3,black,black,black
ASV1650,1,14,black,black,black
ASV1651,1,5,black,black,black
ASV1652,1,4,black,black,black
ASV1653,1,7,black,black,black
ASV1654,1,71,black,black,black
ASV1655,1,17,black,black,black
ASV1656,1,10,black,slateblue1,black
ASV1657,1,6,black,black,black
ASV1658,1,3,black,black,black
ASV1659,1,3,black,black,black
ASV1660,1,4,black,black,black
ASV1661,1,14,black,black,black
ASV1662,1,4,black,black,black
ASV1663,1,4,black,black,black
ASV1664,1,16,black,black,black
ASV1665,1,3,black,black,black
ASV1666,2,18,black,black,black
ASV1667,1,5,black,black,black
ASV1668,1,3,black,black,black
ASV1669,1,4,black,black,black
ASV1670,1,5,black,black,black
ASV1671,1,7,black,black,black
ASV1672,1,3,black,black,black
ASV1673,1,3,black,black,black
ASV1676,1,9,black,black,black
ASV1677,1,22,black,black,black
ASV1678,1,3,black,black,black
ASV1679,1,3,black,black,black
ASV1680,1,4,black,black,black
ASV1681,1,6,black,black,black
ASV1682,1,7,black,black,black
ASV1683,1,5,black,black,black
ASV1684,1,3,black,black,black
ASV1685,1,5,black,black,black
ASV1686,1,5,black,black,black
ASV1687,1,92,black,slateblue1,black
ASV1688,83,12487,darkgoldenrod1,black,black
ASV1689,42,8882,darkgoldenrod1,black,black
ASV1690,2,76,black,black,black
ASV1691,95,27941,darkgoldenrod1,black,black
ASV1692,1,38,black,black,black
ASV1693,9,1015,darkgoldenrod1,black,black
ASV1694,1,49,black,black,black
ASV1695,3,892,black,black,black
ASV1697,1,27,black,slateblue1,black
ASV1698,1,38,black,slateblue1,black
ASV1699,188,45475,darkgoldenrod1,black,black
ASV1700,133,21121,darkgoldenrod1,black,blue
ASV1701,1,28,black,black,black
ASV1702,1,7,black,black,black
ASV1703,1,3,black,black,black
ASV1704,1,11,black,black,black
ASV1705,1,17,black,black,black
ASV1706,1,3,black,black,black
ASV1707,1,3,black,black,black
ASV1708,1,20,black,black,black
ASV1709,74,3103,darkgoldenrod1,black,black
ASV1710,1,32,black,black,black
ASV1712,77,2978,darkgoldenrod1,black,black
ASV1714,1,3,black,black,black
ASV1715,9,228,black,black,black
ASV1716,1,16,black,slateblue1,black
ASV1717,77,3105,darkgoldenrod1,black,black
ASV1718,1,22,black,black,black
ASV1719,128,7335,darkgoldenrod1,black,black
ASV1720,1,11,black,slateblue1,black
ASV1721,1,21,black,black,black
ASV1722,1,10,black,black,black
ASV1723,1,8,black,black,black
ASV1724,3,100,darkgoldenrod1,slateblue1,black
ASV1725,2,82,black,slateblue1,black
ASV1726,11,467,darkgoldenrod1,slateblue1,black
ASV1727,33,1522,darkgoldenrod1,slateblue1,black
ASV1728,1,13,black,black,black
ASV1729,1,8,black,black,black
ASV1730,1,10,black,slateblue1,black
ASV1731,54,2472,darkgoldenrod1,slateblue1,black
ASV1732,1,19,black,black,black
ASV1734,1,6,black,black,black
ASV1735,1,14,black,black,black
ASV1736,1,12,black,black,black
ASV1737,1,8,black,black,black
ASV1739,1,10,black,black,black
ASV1740,1,7,black,black,black
ASV1741,1,3,black,slateblue1,black
ASV1742,97,5008,darkgoldenrod1,black,black
ASV1743,6,202,darkgoldenrod1,black,black
ASV1745,1,9,black,slateblue1,black
ASV1746,3,202,darkgoldenrod1,black,black
ASV1747,7,176,darkgoldenrod1,black,black
ASV1748,1,15,black,black,black
ASV1749,1,7,black,black,black
ASV1750,1,9,black,slateblue1,black
ASV1751,5,80,darkgoldenrod1,black,black
ASV1752,3,37,darkgoldenrod1,black,black
ASV1753,1,5,black,black,black
ASV1754,2,17,black,black,black
ASV1755,1,4,black,black,black
ASV1756,1,25,black,black,black
ASV1757,1,7,black,slateblue1,black
ASV1758,1,9,black,black,black
ASV1759,1,21,black,slateblue1,black
ASV1760,5,113,darkgoldenrod1,slateblue1,black
ASV1761,2,24,darkgoldenrod1,black,black
ASV1762,2,13,black,slateblue1,black
ASV1763,1,3,black,black,black
ASV1764,2,21,black,slateblue1,black
ASV1765,3,29,darkgoldenrod1,black,black
ASV1766,3,38,darkgoldenrod1,slateblue1,black
ASV1767,1,4,black,black,black
ASV1768,1,12,black,black,black
ASV1769,1,5,black,black,black
ASV1770,1,6,black,black,black
ASV1771,4,162,darkgoldenrod1,slateblue1,black
ASV1772,1,5,black,black,black
ASV1773,1,16,black,slateblue1,black
ASV1774,7,455,darkgoldenrod1,black,black
ASV1775,1,3,black,black,black
ASV1776,1,16,black,black,black
ASV1777,31,1585,darkgoldenrod1,black,black
ASV1779,1,24,black,black,black
ASV1780,5,168,darkgoldenrod1,black,black
ASV1781,2,53,black,slateblue1,black
ASV1782,1,13,black,black,black
ASV1783,1,6,black,slateblue1,black
ASV1784,1,7,black,black,black
ASV1785,1,12,black,slateblue1,black
ASV1786,6,287,black,black,black
ASV1787,22,884,darkgoldenrod1,slateblue1,black
ASV1788,2,55,darkgoldenrod1,black,black
ASV1789,1,13,black,black,black
ASV1790,1,3,black,black,black
ASV1791,1,3,black,black,black
ASV1792,16,878,darkgoldenrod1,slateblue1,black
ASV1793,1,3,black,black,black
ASV1794,1,3,black,black,black
ASV1795,52,9000,darkgoldenrod1,black,black
ASV1796,1,57,black,slateblue1,black
ASV1797,6,451,darkgoldenrod1,black,black
ASV1798,10,318,darkgoldenrod1,slateblue1,black
ASV1799,3,296,black,black,black
ASV1800,1,184,black,black,black
ASV1801,7,523,darkgoldenrod1,black,black
ASV1802,8,152,black,slateblue1,black
ASV1803,5,154,black,slateblue1,black
ASV1804,1,4,black,black,black
ASV1805,1,7,black,black,black
ASV1806,49,2970,darkgoldenrod1,black,black
ASV1807,5,40,darkgoldenrod1,slateblue1,black
ASV1808,1,8,black,black,black
ASV1809,1,6,black,black,black
ASV1810,1,11,black,black,black
ASV1811,1,10,black,black,black
ASV1812,1,19,black,black,black
ASV1813,1,6,black,black,black
ASV1814,1,11,black,black,black
ASV1815,98,3797,darkgoldenrod1,black,blue
ASV1816,2,23,black,black,black
ASV1817,1,16,black,black,black
ASV1818,8,291,darkgoldenrod1,black,black
ASV1819,1,9,black,black,black
ASV1820,1,21,black,black,black
ASV1821,1,43,black,black,black
ASV1822,2,173,black,black,black
ASV1823,49,3429,darkgoldenrod1,black,black
ASV1824,1,42,black,black,black
ASV1825,3,22,black,black,black
ASV1826,2,30,black,black,black
ASV1827,1,20,black,black,black
ASV1828,19,562,darkgoldenrod1,slateblue1,black
ASV1829,22,983,darkgoldenrod1,slateblue1,black
ASV1830,4,36,black,slateblue1,black
ASV1831,1,10,black,black,black
ASV1832,1,73,black,black,black
ASV1833,3,29,black,black,black
ASV1834,34,423,darkgoldenrod1,black,black
ASV1835,1,5,black,black,black
ASV1836,26,1569,darkgoldenrod1,black,black
ASV1837,7,1014,darkgoldenrod1,black,black
ASV1838,1,28,black,black,black
ASV1839,1,115,black,black,black
ASV1840,1,9,black,black,black
ASV1841,1,15,black,black,black
ASV1842,3,41,black,slateblue1,black
ASV1843,1,18,black,black,black
ASV1845,83,3340,darkgoldenrod1,black,black
ASV1846,1,3,black,black,black
ASV1847,8,124,darkgoldenrod1,slateblue1,black
ASV1848,26,1786,darkgoldenrod1,slateblue1,black
ASV1849,4,102,black,black,black
ASV1850,14,62,darkgoldenrod1,slateblue1,black
ASV1851,7,121,black,slateblue1,black
ASV1852,1,15,black,black,black
ASV1853,1,15,black,black,black
ASV1854,9,399,darkgoldenrod1,slateblue1,black
ASV1855,2,21,black,black,black
ASV1856,3,21,black,black,black
ASV1857,1,4,black,black,black
ASV1858,35,1676,darkgoldenrod1,slateblue1,black
ASV1859,1,13,black,black,black
ASV1860,1,14,black,black,black
ASV1861,1,19,black,black,black
ASV1862,1,3,black,black,black
ASV1863,38,2664,darkgoldenrod1,black,black
ASV1864,10,398,darkgoldenrod1,slateblue1,black
ASV1865,1,23,black,black,black
ASV1866,9,68,black,black,black
ASV1867,1,11,black,black,black
ASV1868,1,59,black,black,black
ASV1869,1,27,black,black,black
ASV1870,19,861,darkgoldenrod1,black,black
ASV1871,319,24430,darkgoldenrod1,black,blue
ASV1872,1,12,black,black,black
ASV1873,1,7,black,black,black
ASV1874,1,17,black,slateblue1,black
ASV1875,23,1002,darkgoldenrod1,black,black
ASV1876,20,772,darkgoldenrod1,black,black
ASV1877,20,809,darkgoldenrod1,black,black
ASV1878,2,44,darkgoldenrod1,black,black
ASV1879,5,493,darkgoldenrod1,black,black
ASV1880,4,96,darkgoldenrod1,black,black
ASV1881,21,946,darkgoldenrod1,slateblue1,black
ASV1882,1,18,black,black,black
ASV1883,2,51,black,black,black
ASV1884,1,143,black,slateblue1,black
ASV1885,1,3,black,black,black
ASV1886,1,8,black,black,black
ASV1887,1,3,black,black,black
ASV1888,1,21,black,black,black
ASV1889,1,3,black,slateblue1,black
ASV1890,1,9,black,slateblue1,black
ASV1891,1,5,black,black,black
ASV1892,1,4,black,black,black
ASV1893,1,6,black,black,black
ASV1894,3,60,darkgoldenrod1,black,black
ASV1895,23,970,darkgoldenrod1,black,black
ASV1896,8,82,black,slateblue1,black
ASV1897,1,11,black,black,black
ASV1898,17,1224,darkgoldenrod1,slateblue1,black
ASV1899,2,50,black,black,black
ASV1900,1,17,black,black,black
ASV1901,13,688,darkgoldenrod1,black,black
ASV1902,9,580,darkgoldenrod1,slateblue1,black
ASV1903,11,598,black,black,black
ASV1904,8,346,darkgoldenrod1,slateblue1,black
ASV1905,9,248,darkgoldenrod1,slateblue1,black
ASV1906,1,21,black,black,black
ASV1907,1,8,black,black,black
ASV1908,9,306,black,black,black
ASV1909,2,23,black,black,black
ASV1910,2,55,black,black,black
ASV1911,1,19,black,black,black
ASV1912,12,667,darkgoldenrod1,black,black
ASV1913,6,225,darkgoldenrod1,black,black
ASV1914,5,215,black,black,black
ASV1915,1,40,black,black,black
ASV1916,9,367,darkgoldenrod1,black,black
ASV1917,5,218,darkgoldenrod1,slateblue1,black
ASV1918,3,66,black,black,black
ASV1919,1,8,black,black,black
ASV1920,1,4,black,black,black
ASV1921,1,6,black,black,black
ASV1922,1,3,black,black,black
ASV1923,2,7,black,black,black
ASV1924,1,3,black,black,black
ASV1926,4,640,darkgoldenrod1,slateblue1,black
ASV1927,1,106,black,black,black
ASV1928,1,5,black,black,black
ASV1929,1,7,black,black,black
ASV1930,1,64,black,slateblue1,black
ASV1931,1,52,black,slateblue1,black
ASV1932,1,35,black,slateblue1,black
ASV1933,9,407,black,slateblue1,black
ASV1934,6,743,darkgoldenrod1,slateblue1,black
ASV1935,2,76,black,black,black
ASV1936,2,102,black,black,black
ASV1937,1,41,black,slateblue1,black
ASV1938,2,144,black,slateblue1,black
ASV1939,1,34,black,slateblue1,black
ASV1940,6,330,black,black,black
ASV1941,160,55555,darkgoldenrod1,black,black
ASV1942,1,22,black,black,black
ASV1943,12,1934,black,black,black
ASV1944,1,82,black,black,black
ASV1945,1,43,black,black,black
ASV1946,333,81684,darkgoldenrod1,black,blue
ASV1947,13,455,black,black,black
ASV1948,509,228221,darkgoldenrod1,black,blue
ASV1949,1,331,black,black,black
ASV1950,1,67,black,black,black
ASV1951,1,101,black,black,black
ASV1952,1,17,black,black,black
ASV1953,184,56812,darkgoldenrod1,black,blue
ASV1954,1,47,black,black,black
ASV1955,1,27,black,black,black
ASV1956,1,37,black,black,black
ASV1957,1,27,black,slateblue1,black
ASV1958,1,47,black,black,black
ASV1959,1,15,black,black,black
ASV1961,1,24,black,black,black
ASV1962,1,19,black,black,black
ASV1963,1,86,black,black,black
ASV1964,1,16,black,black,black
ASV1965,1,3,black,black,black
ASV1966,1,3,black,black,black
ASV1968,1,6,black,black,black
ASV1969,1,18,black,black,black
ASV1970,1,15,black,black,black
ASV1971,1,10,black,black,black
ASV1972,1,10,black,black,black
ASV1973,1,3,black,black,black
ASV1975,1,29,black,black,black
ASV1976,1,15,black,black,black
ASV1977,1,6,black,black,black
ASV1980,1,3,black,black,black
ASV1981,1,3,black,black,black
ASV1982,1,18,black,black,black
ASV1983,1,12,black,black,black
ASV1984,1,13,black,black,black
ASV1985,1,4,black,black,black
ASV1986,1,5,black,black,black
ASV1987,1,10,black,black,black
ASV1988,1,5,black,black,black
ASV1989,1,5,black,black,black
ASV1990,1,3,black,black,black
ASV1991,1,3,black,black,black
ASV1992,1,4,black,black,black
ASV1993,1,3,black,black,black
ASV1994,1,8,black,black,black
ASV1995,1,6,black,black,black
ASV1996,1,14,black,black,black
ASV1997,1,3,black,black,black
ASV1998,1,3,black,black,black
ASV1999,1,3,black,slateblue1,black
ASV2000,1,4,black,black,black
ASV2001,1,3,black,black,black
ASV2002,1,4,black,black,black
ASV2003,1,10,black,black,black
ASV2004,1,10,black,black,black
ASV2005,1,7,black,black,black
ASV2006,1,9,black,black,black
ASV2007,1,3,black,black,black
ASV2008,1,3,black,black,black
ASV2009,1,3,black,slateblue1,black
ASV2010,1,3,black,slateblue1,black
ASV2011,1,3,black,black,black
ASV2012,1,5,black,black,black
ASV2013,1,5,black,black,black
ASV2014,1,10,black,black,black
ASV2015,1,11,black,black,black
ASV2016,1,2,black,black,black
ASV2017,1,2,black,black,black
ASV2018,1,9,black,black,black
ASV2019,1,4,black,black,black
ASV2020,1,4,black,black,black
ASV2021,1,3,black,black,black
ASV2022,1,5,black,black,black
ASV2023,1,7,black,black,black
ASV2024,1,7,black,black,black
ASV2025,1,31,black,black,black
ASV2026,1,5,black,black,black
ASV2027,1,6,black,black,black
ASV2028,1,5,black,black,black
ASV2029,1,7,black,black,black
ASV2030,1,5,black,black,black
ASV2031,1,4,black,black,black
ASV2032,1,20,black,black,black
ASV2033,1,9,black,black,black
ASV2034,1,3,black,black,black
ASV2035,1,6,black,black,black
ASV2036,1,4,black,black,black
ASV2037,1,3,black,black,black
ASV2038,1,5,black,black,black
ASV2039,1,3,black,black,black
ASV2040,1,14,black,black,black
ASV2041,1,5,black,black,black
ASV2042,1,3,black,slateblue1,black
ASV2043,1,3,black,black,black
ASV2044,1,3,black,black,black
ASV2045,1,9,black,black,black
ASV2046,2,377,black,black,black
ASV2047,5,1285,black,black,black
ASV2048,1,101,black,black,black
ASV2049,127,25054,darkgoldenrod1,black,black
ASV2050,4,328,black,slateblue1,black
ASV2051,2,118,black,black,black
ASV2052,1,49,black,black,black
ASV2053,30,11554,darkgoldenrod1,black,black
ASV2054,492,153032,darkgoldenrod1,black,blue
ASV2055,124,16595,darkgoldenrod1,black,black
ASV2056,1,38,black,black,black
ASV2057,1,24,black,black,black
ASV2058,11,1321,darkgoldenrod1,black,black
ASV2059,1,34,black,black,black
ASV2060,34,6173,darkgoldenrod1,black,black
ASV2061,1,40,black,black,black
ASV2062,1,36,black,black,black
ASV2063,204,68881,darkgoldenrod1,black,blue
ASV2064,8,300,black,black,black
ASV2065,1,77,black,black,black
ASV2066,1,36,black,black,black
ASV2067,1,53,black,black,black
ASV2068,1,14,black,black,black
ASV2069,1,16,black,black,black
ASV2070,1,28,black,black,black
ASV2071,1,58,black,black,black
ASV2072,106,17620,darkgoldenrod1,black,blue
ASV2073,1,43,black,black,black
ASV2074,1,30,black,slateblue1,black
ASV2075,1,55,black,black,black
