"","sample_count","asv_abundance","soil_host_core_color","host_spec_color"
"ASV1",1,4,"black","slateblue1"
"ASV2",1,8,"black","slateblue1"
"ASV3",1,6,"black","slateblue1"
"ASV4",1,17,"black","slateblue1"
"ASV5",1,5,"black","slateblue1"
"ASV6",1,10,"black","slateblue1"
"ASV7",1,7,"black","slateblue1"
"ASV8",1,11,"black","slateblue1"
"ASV9",1,4,"black","slateblue1"
"ASV10",1,5,"black","slateblue1"
"ASV11",6,114,"black","slateblue1"
"ASV12",1,49,"black","slateblue1"
"ASV13",1,22,"black","slateblue1"
"ASV14",1,6,"black","slateblue1"
"ASV15",1,7,"black","slateblue1"
"ASV16",1,13,"black","slateblue1"
"ASV17",1,3,"black","slateblue1"
"ASV18",1,5,"black","slateblue1"
"ASV19",1,8,"black","slateblue1"
"ASV20",1,9,"black","slateblue1"
"ASV21",1,6,"black","slateblue1"
"ASV22",1,6,"black","slateblue1"
"ASV23",1,5,"black","slateblue1"
"ASV24",33,3667,"black","black"
"ASV25",1,8,"black","slateblue1"
"ASV26",13,1011,"black","slateblue1"
"ASV27",1,3,"black","slateblue1"
"ASV28",1,3,"black","slateblue1"
"ASV29",1,3,"black","slateblue1"
"ASV30",1,3,"black","slateblue1"
"ASV31",1,3,"black","slateblue1"
"ASV32",1,14,"black","black"
"ASV33",667,29573,"darkgoldenrod1","black"
"ASV34",1,38,"black","slateblue1"
"ASV35",1,8,"black","slateblue1"
"ASV36",1,6,"black","slateblue1"
"ASV37",1,182,"black","slateblue1"
"ASV38",1,43,"black","slateblue1"
"ASV39",13,61,"black","black"
"ASV40",1,15,"black","slateblue1"
"ASV41",1,4,"black","slateblue1"
"ASV42",1,3,"black","slateblue1"
"ASV43",1,7,"black","slateblue1"
"ASV44",1,5,"black","slateblue1"
"ASV45",1,3,"black","slateblue1"
"ASV46",1,5,"black","slateblue1"
"ASV47",1,8,"black","slateblue1"
"ASV48",1,3,"black","slateblue1"
"ASV49",1,2,"black","slateblue1"
"ASV50",1,3,"black","black"
"ASV51",1,3,"black","slateblue1"
"ASV52",1,3,"black","slateblue1"
"ASV53",1,3,"black","slateblue1"
"ASV54",1,27,"black","slateblue1"
"ASV55",1,10,"black","slateblue1"
"ASV56",2,28,"black","black"
"ASV57",1,11,"black","black"
"ASV58",1,7,"black","slateblue1"
"ASV59",1,9,"black","black"
"ASV60",1,6,"black","slateblue1"
"ASV61",1,17,"black","slateblue1"
"ASV62",1,9,"black","black"
"ASV63",5,112,"black","black"
"ASV64",1,10,"black","black"
"ASV65",4,32,"black","black"
"ASV66",1,12,"black","slateblue1"
"ASV67",1,21,"black","black"
"ASV68",1,14,"black","black"
"ASV69",13,149,"darkgoldenrod1","black"
"ASV70",2,15,"black","black"
"ASV71",1,6,"black","black"
"ASV72",1,8,"black","slateblue1"
"ASV73",1,6,"black","slateblue1"
"ASV74",12,490,"black","black"
"ASV75",13,230,"black","black"
"ASV76",2,39,"black","slateblue1"
"ASV77",5,82,"black","black"
"ASV78",58,1149,"darkgoldenrod1","black"
"ASV79",18,236,"darkgoldenrod1","black"
"ASV80",1,18,"black","slateblue1"
"ASV81",1,6,"black","black"
"ASV82",24,618,"black","black"
"ASV83",10,108,"black","black"
"ASV84",3,29,"black","black"
"ASV85",1,7,"black","black"
"ASV86",3,76,"black","black"
"ASV87",1,15,"black","slateblue1"
"ASV88",1,7,"black","slateblue1"
"ASV89",3,37,"black","black"
"ASV90",22,142,"darkgoldenrod1","black"
"ASV91",1,7,"black","black"
"ASV92",8,51,"black","black"
"ASV93",1,5,"black","black"
"ASV94",1,10,"black","black"
"ASV95",1,3,"black","black"
"ASV96",5,11,"black","black"
"ASV97",1,3,"black","slateblue1"
"ASV98",1,4,"black","black"
"ASV99",3,7,"black","slateblue1"
"ASV100",1,4,"black","slateblue1"
"ASV101",1,3,"black","slateblue1"
"ASV102",28,216,"darkgoldenrod1","black"
"ASV103",5,38,"black","slateblue1"
"ASV104",1,4,"black","slateblue1"
"ASV105",1,2,"black","slateblue1"
"ASV106",1,3,"black","slateblue1"
"ASV107",1,2,"black","black"
"ASV108",2,6,"black","black"
"ASV109",2,6,"black","black"
"ASV110",1,2,"black","slateblue1"
"ASV111",1,14,"black","black"
"ASV112",4,141,"black","black"
"ASV113",3,61,"black","black"
"ASV114",1,12,"black","black"
"ASV115",3,70,"black","black"
"ASV116",3,32,"black","black"
"ASV117",7,307,"black","black"
"ASV118",1,58,"black","slateblue1"
"ASV119",1,50,"black","slateblue1"
"ASV120",1,7,"black","black"
"ASV121",1,10,"black","slateblue1"
"ASV122",1,8,"black","black"
"ASV123",1,19,"black","black"
"ASV124",2,41,"black","black"
"ASV125",14,187,"black","black"
"ASV126",31,804,"darkgoldenrod1","black"
"ASV127",1,65,"black","slateblue1"
"ASV128",2,68,"black","black"
"ASV129",2,43,"black","slateblue1"
"ASV130",1,24,"black","black"
"ASV131",1,5,"black","slateblue1"
"ASV132",50,1226,"darkgoldenrod1","black"
"ASV133",1,26,"black","black"
"ASV134",1,26,"black","slateblue1"
"ASV135",4,70,"black","black"
"ASV136",3,47,"black","black"
"ASV137",1,48,"black","slateblue1"
"ASV138",1,12,"black","slateblue1"
"ASV139",1,2,"black","slateblue1"
"ASV140",1,10,"black","slateblue1"
"ASV141",1,9,"black","slateblue1"
"ASV142",1,7,"black","slateblue1"
"ASV143",4,69,"black","black"
"ASV144",19,541,"black","black"
"ASV145",1,16,"black","black"
"ASV146",2,27,"black","black"
"ASV147",3,38,"black","black"
"ASV148",2,30,"black","black"
"ASV149",1,13,"black","slateblue1"
"ASV150",1,9,"black","slateblue1"
"ASV151",2,76,"black","black"
"ASV152",1,24,"black","black"
"ASV153",1,15,"black","black"
"ASV154",1,42,"black","slateblue1"
"ASV155",4,54,"black","black"
"ASV156",1,7,"black","slateblue1"
"ASV157",1,10,"black","black"
"ASV158",1,8,"black","black"
"ASV159",1,11,"black","slateblue1"
"ASV160",1,16,"black","black"
"ASV161",1,25,"black","black"
"ASV162",1,10,"black","slateblue1"
"ASV163",2,28,"black","black"
"ASV164",1,8,"black","slateblue1"
"ASV165",2,11,"black","black"
"ASV166",1,10,"black","black"
"ASV167",1,2,"black","slateblue1"
"ASV168",2,29,"black","black"
"ASV169",1,7,"black","slateblue1"
"ASV170",1,2,"black","slateblue1"
"ASV171",1,2,"black","slateblue1"
"ASV172",1,4,"black","slateblue1"
"ASV173",1,4,"black","slateblue1"
"ASV174",1,3,"black","slateblue1"
"ASV175",1,2,"black","slateblue1"
"ASV176",1,15,"black","slateblue1"
"ASV177",2,25,"black","black"
"ASV178",33,1155,"black","black"
"ASV179",1,2,"black","black"
"ASV180",5,39,"black","black"
"ASV181",1,10,"black","slateblue1"
"ASV182",1,7,"black","black"
"ASV183",2,9,"black","slateblue1"
"ASV184",1,11,"black","slateblue1"
"ASV185",4,41,"black","black"
"ASV186",1,10,"black","black"
"ASV187",1,9,"black","slateblue1"
"ASV188",1,13,"black","slateblue1"
"ASV189",37,443,"darkgoldenrod1","black"
"ASV190",1,7,"black","slateblue1"
"ASV191",1,8,"black","slateblue1"
"ASV192",6,91,"black","slateblue1"
"ASV193",1,10,"black","slateblue1"
"ASV194",1,93,"black","slateblue1"
"ASV195",1,8,"black","slateblue1"
"ASV196",149,6220,"darkgoldenrod1","black"
"ASV197",1,19,"black","slateblue1"
"ASV198",1,13,"black","slateblue1"
"ASV199",1,8,"black","slateblue1"
"ASV200",1,8,"black","slateblue1"
"ASV201",11,162,"black","black"
"ASV202",1,10,"black","slateblue1"
"ASV203",38,370,"darkgoldenrod1","black"
"ASV204",1,4,"black","slateblue1"
"ASV205",1,3,"black","slateblue1"
"ASV206",1,8,"black","slateblue1"
"ASV207",1,27,"black","slateblue1"
"ASV208",1,11,"black","slateblue1"
"ASV209",4,50,"black","black"
"ASV210",7,57,"darkgoldenrod1","black"
"ASV211",5,72,"black","black"
"ASV212",29,406,"black","black"
"ASV213",1,27,"black","slateblue1"
"ASV214",2,26,"black","black"
"ASV215",1,13,"black","black"
"ASV216",1,8,"black","black"
"ASV217",6,85,"black","slateblue1"
"ASV218",5,54,"black","black"
"ASV219",98,2810,"darkgoldenrod1","black"
"ASV220",5,129,"black","black"
"ASV221",2,19,"black","black"
"ASV222",1,26,"black","slateblue1"
"ASV223",32,708,"darkgoldenrod1","black"
"ASV224",1,6,"black","slateblue1"
"ASV225",1,34,"black","slateblue1"
"ASV226",3,59,"black","black"
"ASV227",1,17,"black","slateblue1"
"ASV228",19,222,"darkgoldenrod1","black"
"ASV229",1,11,"black","slateblue1"
"ASV230",1,9,"black","slateblue1"
"ASV231",5,45,"black","black"
"ASV232",1,9,"black","slateblue1"
"ASV233",28,867,"darkgoldenrod1","black"
"ASV234",2,40,"black","black"
"ASV235",6,83,"black","black"
"ASV236",4,62,"black","black"
"ASV237",1,16,"black","black"
"ASV238",1,14,"black","black"
"ASV239",1,62,"black","black"
"ASV240",1,31,"black","black"
"ASV241",3,69,"black","black"
"ASV242",1,14,"black","black"
"ASV243",26,1039,"darkgoldenrod1","black"
"ASV244",1,24,"black","black"
"ASV245",2,57,"black","black"
"ASV246",2,21,"black","black"
"ASV247",8,60,"black","black"
"ASV248",1,16,"black","black"
"ASV249",1,10,"black","slateblue1"
"ASV250",6,81,"black","black"
"ASV251",1,17,"black","black"
"ASV252",1,8,"black","slateblue1"
"ASV253",2,10,"black","slateblue1"
"ASV254",1,4,"black","slateblue1"
"ASV255",1,8,"black","slateblue1"
"ASV256",3,10,"black","slateblue1"
"ASV257",1,2,"black","slateblue1"
"ASV258",1,9,"black","slateblue1"
"ASV259",1,2,"black","slateblue1"
"ASV260",3,14,"black","slateblue1"
"ASV261",4,12,"black","slateblue1"
"ASV262",1,5,"black","black"
"ASV263",1,7,"black","black"
"ASV264",2,4,"black","slateblue1"
"ASV265",2,6,"black","black"
"ASV266",5,37,"black","black"
"ASV267",2,5,"black","slateblue1"
"ASV268",1,6,"black","slateblue1"
"ASV269",1,8,"black","black"
"ASV270",1,2,"black","slateblue1"
"ASV271",1,9,"black","black"
"ASV272",1,3,"black","black"
"ASV273",1,15,"black","slateblue1"
"ASV274",1,5,"black","slateblue1"
"ASV275",1,2,"black","slateblue1"
"ASV276",1,4,"black","slateblue1"
"ASV277",1,2,"black","slateblue1"
"ASV278",1,2,"black","black"
"ASV279",1,19,"black","slateblue1"
"ASV280",1,2,"black","slateblue1"
"ASV281",1,5,"black","black"
"ASV282",1,9,"black","black"
"ASV283",1,3,"black","slateblue1"
"ASV284",1,10,"black","black"
"ASV285",1,110,"black","black"
"ASV286",1,2,"black","slateblue1"
"ASV287",1,25,"black","slateblue1"
"ASV288",1,5,"black","slateblue1"
"ASV289",1,7,"black","slateblue1"
"ASV290",1,4,"black","slateblue1"
"ASV291",1,4,"black","slateblue1"
"ASV292",6,16,"black","black"
"ASV293",8,20,"black","black"
"ASV294",1,3,"black","slateblue1"
"ASV295",1,3,"black","slateblue1"
"ASV296",1,7,"black","slateblue1"
"ASV297",1,11,"black","black"
"ASV298",1,4,"black","slateblue1"
"ASV299",1,9,"black","slateblue1"
"ASV300",1,2,"black","slateblue1"
"ASV301",1,3,"black","slateblue1"
"ASV302",1,4,"black","slateblue1"
"ASV303",1,2,"black","slateblue1"
"ASV304",1,4,"black","slateblue1"
"ASV305",1,3,"black","slateblue1"
"ASV306",1,7,"black","slateblue1"
"ASV307",1,11,"black","slateblue1"
"ASV308",1,3,"black","black"
"ASV309",1,3,"black","slateblue1"
"ASV310",1,4,"black","slateblue1"
"ASV311",1,3,"black","slateblue1"
"ASV312",1,4,"black","slateblue1"
"ASV313",3,24,"black","black"
"ASV314",12,1269,"black","black"
"ASV315",1,12,"black","slateblue1"
"ASV316",3,13,"black","slateblue1"
"ASV317",1,5,"black","slateblue1"
"ASV318",1,22,"black","slateblue1"
"ASV319",5,18,"black","black"
"ASV320",1,3,"black","slateblue1"
"ASV321",1,3,"black","slateblue1"
"ASV322",2,5,"black","black"
"ASV323",1,3,"black","slateblue1"
"ASV324",1,3,"black","slateblue1"
"ASV325",3,26,"black","black"
"ASV326",1,8,"black","slateblue1"
"ASV327",1,10,"black","slateblue1"
"ASV328",1,2,"black","slateblue1"
"ASV329",1,22,"black","slateblue1"
"ASV330",2,28,"black","black"
"ASV331",2,419,"black","slateblue1"
"ASV332",1,31,"black","black"
"ASV333",11,1198,"black","black"
"ASV334",1,26,"black","slateblue1"
"ASV335",15,1178,"black","black"
"ASV336",11,683,"black","slateblue1"
"ASV337",1,19,"black","slateblue1"
"ASV338",1,10,"black","slateblue1"
"ASV339",1,164,"black","black"
"ASV340",1,76,"black","black"
"ASV341",1,63,"black","slateblue1"
"ASV342",1,10,"black","black"
"ASV343",1,22,"black","slateblue1"
"ASV344",1,161,"black","slateblue1"
"ASV345",1,41,"black","slateblue1"
"ASV346",1,383,"black","black"
"ASV347",1,2,"black","black"
"ASV348",2,28,"black","black"
"ASV349",501,159494,"darkgoldenrod1","black"
"ASV350",1,198,"black","black"
"ASV351",106,1862,"black","black"
"ASV352",1,35,"black","black"
"ASV353",137,21132,"darkgoldenrod1","black"
"ASV354",1,28,"black","slateblue1"
"ASV355",1,17,"black","slateblue1"
"ASV356",1,58,"black","slateblue1"
"ASV357",1,75,"black","slateblue1"
"ASV358",1,74,"black","slateblue1"
"ASV359",385,15849,"darkgoldenrod1","black"
"ASV360",6,555,"black","black"
"ASV361",35,4876,"black","black"
"ASV362",1,8,"black","slateblue1"
"ASV363",49,11833,"black","black"
"ASV364",348,11508,"darkgoldenrod1","black"
"ASV365",1,55,"black","slateblue1"
"ASV366",1,5,"black","slateblue1"
"ASV367",1,12,"black","slateblue1"
"ASV368",1,125,"black","slateblue1"
"ASV369",1,166,"black","slateblue1"
"ASV370",1,8,"black","slateblue1"
"ASV371",1,76,"black","black"
"ASV372",1,57,"black","black"
"ASV373",481,102500,"darkgoldenrod1","black"
"ASV374",1,19,"black","slateblue1"
"ASV375",1,42,"black","slateblue1"
"ASV376",1,31,"black","slateblue1"
"ASV377",1,18,"black","slateblue1"
"ASV378",1,79,"black","slateblue1"
"ASV379",114,74635,"darkgoldenrod1","black"
"ASV380",1,40,"black","slateblue1"
"ASV381",1,14,"black","slateblue1"
"ASV382",2,27,"black","black"
"ASV383",28,15421,"darkgoldenrod1","black"
"ASV384",15,84,"darkgoldenrod1","black"
"ASV385",1,2,"black","slateblue1"
"ASV386",1,2,"black","black"
"ASV387",33,126,"black","black"
"ASV388",1,3,"black","slateblue1"
"ASV389",1,4,"black","slateblue1"
"ASV390",1,6,"black","slateblue1"
"ASV391",1,3,"black","slateblue1"
"ASV392",1,4,"black","slateblue1"
"ASV393",1,8,"black","slateblue1"
"ASV394",1,7,"black","slateblue1"
"ASV395",2,4,"black","black"
"ASV396",1,3,"black","slateblue1"
"ASV397",1,9,"black","slateblue1"
"ASV398",1,6,"black","slateblue1"
"ASV399",1,5,"black","slateblue1"
"ASV400",1,6,"black","slateblue1"
"ASV401",1,3,"black","black"
"ASV402",1,7,"black","slateblue1"
"ASV403",1,5,"black","slateblue1"
"ASV404",1,4,"black","slateblue1"
"ASV405",1,6,"black","slateblue1"
"ASV406",1,4,"black","slateblue1"
"ASV407",1,15,"black","slateblue1"
"ASV408",1,6,"black","slateblue1"
"ASV409",1,3,"black","slateblue1"
"ASV410",3,22,"black","slateblue1"
"ASV411",1,9,"black","slateblue1"
"ASV412",1,5,"black","slateblue1"
"ASV413",1,13,"black","slateblue1"
"ASV414",1,5,"black","slateblue1"
"ASV415",1,10,"black","slateblue1"
"ASV416",1,5,"black","slateblue1"
"ASV417",3,79,"black","slateblue1"
"ASV418",1,11,"black","slateblue1"
"ASV419",54,965,"darkgoldenrod1","black"
"ASV420",1,13,"black","slateblue1"
"ASV421",1,8,"black","slateblue1"
"ASV422",5,80,"black","black"
"ASV423",1,3,"black","slateblue1"
"ASV424",3,112,"black","black"
"ASV425",1,3,"black","slateblue1"
"ASV426",1,3,"black","slateblue1"
"ASV427",9,145,"black","black"
"ASV428",1,8,"black","black"
"ASV429",1,16,"black","slateblue1"
"ASV430",12,146,"black","black"
"ASV431",1,13,"black","slateblue1"
"ASV432",126,5003,"darkgoldenrod1","black"
"ASV433",1,8,"black","slateblue1"
"ASV434",1,8,"black","black"
"ASV435",1,6,"black","slateblue1"
"ASV436",1,8,"black","black"
"ASV437",1,10,"black","slateblue1"
"ASV438",1,20,"black","black"
"ASV439",9,210,"black","black"
"ASV440",11,231,"black","black"
"ASV441",1,11,"black","slateblue1"
"ASV442",1,6,"black","slateblue1"
"ASV443",1,4,"black","slateblue1"
"ASV444",16,185,"black","black"
"ASV445",1,10,"black","slateblue1"
"ASV446",1,40,"black","slateblue1"
"ASV447",1,21,"black","black"
"ASV448",78,4059,"darkgoldenrod1","black"
"ASV449",1,51,"black","slateblue1"
"ASV450",1,33,"black","slateblue1"
"ASV451",1,7,"black","slateblue1"
"ASV452",1,3,"black","slateblue1"
"ASV453",1,22,"black","slateblue1"
"ASV454",1,16,"black","slateblue1"
"ASV455",1,3,"black","slateblue1"
"ASV456",1,5,"black","slateblue1"
"ASV457",1,8,"black","slateblue1"
"ASV458",1,6,"black","slateblue1"
"ASV459",1,3,"black","slateblue1"
"ASV460",1,2,"black","slateblue1"
"ASV461",1,3,"black","black"
"ASV462",1,10,"black","slateblue1"
"ASV463",1,6,"black","black"
"ASV464",1,2,"black","slateblue1"
"ASV465",1,4,"black","slateblue1"
"ASV466",5,46,"black","black"
"ASV467",1,7,"black","slateblue1"
"ASV468",1,10,"black","slateblue1"
"ASV469",1,17,"black","black"
"ASV470",1,11,"black","black"
"ASV471",1,21,"black","slateblue1"
"ASV472",1,11,"black","slateblue1"
"ASV473",1,5,"black","slateblue1"
"ASV474",12,137,"black","black"
"ASV475",1,8,"black","black"
"ASV476",1,3,"black","black"
"ASV477",1,6,"black","slateblue1"
"ASV478",1,11,"black","slateblue1"
"ASV479",16,2623,"black","slateblue1"
"ASV480",1,5,"black","slateblue1"
"ASV481",1,35,"black","slateblue1"
"ASV482",9,1851,"black","slateblue1"
"ASV483",9,2204,"black","slateblue1"
"ASV484",1,4,"black","slateblue1"
"ASV485",1,9,"black","slateblue1"
"ASV486",2,393,"black","slateblue1"
"ASV487",2,626,"black","slateblue1"
"ASV488",1,8,"black","slateblue1"
"ASV489",1,3,"black","slateblue1"
"ASV490",1,8,"black","slateblue1"
"ASV491",1,4,"black","slateblue1"
"ASV492",18,884,"black","black"
"ASV493",1,5,"black","slateblue1"
"ASV494",54,16136,"black","black"
"ASV495",1,38,"black","slateblue1"
"ASV496",1,42,"black","slateblue1"
"ASV497",1,141,"black","slateblue1"
"ASV498",1,10,"black","slateblue1"
"ASV499",1,3,"black","slateblue1"
"ASV500",1,4,"black","slateblue1"
"ASV501",1,8,"black","slateblue1"
"ASV502",2,41,"black","black"
"ASV503",1,35,"black","slateblue1"
"ASV504",1,6,"black","slateblue1"
"ASV505",1,38,"black","slateblue1"
"ASV506",1,6,"black","slateblue1"
"ASV507",1,24,"black","slateblue1"
"ASV508",1,29,"black","slateblue1"
"ASV509",23,663,"black","black"
"ASV510",1,9,"black","slateblue1"
"ASV511",1,20,"black","slateblue1"
"ASV512",1,7,"black","slateblue1"
"ASV513",1,15,"black","slateblue1"
"ASV514",14,141,"black","black"
"ASV515",1,3,"black","slateblue1"
"ASV516",11,345,"black","slateblue1"
"ASV517",1,12,"black","slateblue1"
"ASV518",1,342,"black","slateblue1"
"ASV519",1,32,"black","slateblue1"
"ASV520",1,9,"black","slateblue1"
"ASV521",5,53,"black","slateblue1"
"ASV522",1,174,"black","slateblue1"
"ASV523",5,81,"black","slateblue1"
"ASV524",2,287,"black","slateblue1"
"ASV525",3,416,"black","slateblue1"
"ASV526",1,15,"black","slateblue1"
"ASV527",1,49,"black","slateblue1"
"ASV528",1,27,"black","slateblue1"
"ASV529",1,3,"black","slateblue1"
"ASV530",18,761,"black","slateblue1"
"ASV531",1,20,"black","slateblue1"
"ASV532",25,451,"black","black"
"ASV533",1,10,"black","slateblue1"
"ASV534",1,20,"black","slateblue1"
"ASV535",1,14,"black","slateblue1"
"ASV536",1,26,"black","slateblue1"
"ASV537",105,17655,"black","black"
"ASV538",12,2077,"black","black"
"ASV539",4,631,"black","slateblue1"
"ASV540",2,46,"black","black"
"ASV541",1,322,"black","slateblue1"
"ASV542",1,6,"black","slateblue1"
"ASV543",1,3,"black","slateblue1"
"ASV544",1,4,"black","slateblue1"
"ASV545",1,4,"black","slateblue1"
"ASV546",1,9,"black","black"
"ASV547",2,19,"black","black"
"ASV548",5,26,"black","black"
"ASV549",4,43,"black","black"
"ASV550",1,8,"black","black"
"ASV551",1,3,"black","slateblue1"
"ASV552",1,9,"black","black"
"ASV553",2,19,"black","black"
"ASV554",1,3,"black","slateblue1"
"ASV555",2,16,"black","black"
"ASV556",1,3,"black","slateblue1"
"ASV557",1,3,"black","black"
"ASV558",1,5,"black","slateblue1"
"ASV559",1,11,"black","slateblue1"
"ASV560",1,6,"black","slateblue1"
"ASV561",1,5,"black","slateblue1"
"ASV562",1,10,"black","black"
"ASV563",1,5,"black","black"
"ASV564",34,1995,"darkgoldenrod1","black"
"ASV565",1,6,"black","slateblue1"
"ASV566",1,12,"black","slateblue1"
"ASV567",1,7,"black","slateblue1"
"ASV568",2,25,"black","black"
"ASV569",2,10,"black","slateblue1"
"ASV570",1,6,"black","slateblue1"
"ASV571",1,12,"black","black"
"ASV572",1,5,"black","black"
"ASV573",3,25,"black","black"
"ASV574",1,25,"black","slateblue1"
"ASV575",1,11,"black","slateblue1"
"ASV576",1,9,"black","slateblue1"
"ASV577",1,4,"black","slateblue1"
"ASV578",1,5,"black","slateblue1"
"ASV579",1,14,"black","slateblue1"
"ASV580",39,504,"darkgoldenrod1","black"
"ASV581",1,8,"black","slateblue1"
"ASV582",1,10,"black","slateblue1"
"ASV583",1,6,"black","black"
"ASV584",7,71,"black","black"
"ASV585",1,4,"black","slateblue1"
"ASV586",6,63,"black","black"
"ASV587",1,3,"black","slateblue1"
"ASV588",1,10,"black","black"
"ASV589",1,12,"black","black"
"ASV590",1,107,"black","black"
"ASV591",1,18,"black","black"
"ASV592",10,363,"black","black"
"ASV593",4,55,"black","black"
"ASV594",1,9,"black","black"
"ASV595",1,6,"black","black"
"ASV596",16,120,"black","black"
"ASV597",2,18,"black","black"
"ASV598",1,3,"black","slateblue1"
"ASV599",1,4,"black","slateblue1"
"ASV600",1,3,"black","black"
"ASV601",1,14,"black","slateblue1"
"ASV602",26,485,"darkgoldenrod1","black"
"ASV603",3,16,"black","black"
"ASV604",1,21,"black","slateblue1"
"ASV605",1,8,"black","black"
"ASV606",1,24,"black","slateblue1"
"ASV607",2,10,"black","black"
"ASV608",1,3,"black","slateblue1"
"ASV609",1,11,"black","black"
"ASV610",1,15,"black","slateblue1"
"ASV611",6,36,"darkgoldenrod1","black"
"ASV612",11,126,"black","black"
"ASV613",1,13,"black","slateblue1"
"ASV614",7,55,"black","black"
"ASV615",1,6,"black","slateblue1"
"ASV616",1,10,"black","slateblue1"
"ASV617",2,21,"black","black"
"ASV618",1,11,"black","slateblue1"
"ASV619",1,4,"black","slateblue1"
"ASV620",3,28,"black","black"
"ASV621",66,1130,"black","black"
"ASV622",1,4,"black","slateblue1"
"ASV623",1,5,"black","black"
"ASV624",1,6,"black","black"
"ASV625",4,31,"black","slateblue1"
"ASV626",1,5,"black","slateblue1"
"ASV627",1,4,"black","black"
"ASV628",1,9,"black","slateblue1"
"ASV629",1,4,"black","slateblue1"
"ASV630",1,10,"black","black"
"ASV631",1,7,"black","slateblue1"
"ASV632",3,45,"black","black"
"ASV633",1,9,"black","black"
"ASV634",1,6,"black","slateblue1"
"ASV635",3,35,"black","black"
"ASV636",1,13,"black","black"
"ASV637",1,7,"black","slateblue1"
"ASV638",2,26,"black","black"
"ASV639",1,12,"black","slateblue1"
"ASV640",1,5,"black","black"
"ASV641",1,11,"black","slateblue1"
"ASV642",1,9,"black","slateblue1"
"ASV643",1,5,"black","slateblue1"
"ASV644",1,3,"black","slateblue1"
"ASV645",1,5,"black","black"
"ASV646",27,640,"black","black"
"ASV647",1,4,"black","black"
"ASV648",1,4,"black","slateblue1"
"ASV649",1,7,"black","slateblue1"
"ASV650",1,37,"black","slateblue1"
"ASV651",4,31,"black","slateblue1"
"ASV652",1,13,"black","slateblue1"
"ASV653",16,357,"black","black"
"ASV654",5,70,"black","slateblue1"
"ASV655",1,33,"black","slateblue1"
"ASV656",1,8,"black","slateblue1"
"ASV657",2,22,"black","slateblue1"
"ASV658",1,7,"black","slateblue1"
"ASV659",1,10,"black","black"
"ASV660",1,50,"black","black"
"ASV661",1,85,"black","black"
"ASV662",1,30,"black","black"
"ASV663",8,154,"black","black"
"ASV664",14,790,"black","black"
"ASV665",1,47,"black","slateblue1"
"ASV666",1,15,"black","slateblue1"
"ASV667",3,48,"black","black"
"ASV668",6,105,"black","slateblue1"
"ASV669",3,53,"black","slateblue1"
"ASV670",7,155,"black","black"
"ASV671",1,11,"black","slateblue1"
"ASV672",1,30,"black","slateblue1"
"ASV673",1,10,"black","slateblue1"
"ASV674",1,15,"black","slateblue1"
"ASV675",1,18,"black","slateblue1"
"ASV676",1,21,"black","slateblue1"
"ASV677",3,28,"black","slateblue1"
"ASV678",3,78,"black","black"
"ASV679",2,15,"black","slateblue1"
"ASV680",7,104,"black","black"
"ASV681",1,7,"black","slateblue1"
"ASV682",1,3,"black","slateblue1"
"ASV683",1,6,"black","slateblue1"
"ASV684",1,6,"black","slateblue1"
"ASV685",11,441,"darkgoldenrod1","black"
"ASV686",2,27,"black","black"
"ASV687",1,42,"black","black"
"ASV688",1,58,"black","slateblue1"
"ASV689",1,6,"black","slateblue1"
"ASV690",1,14,"black","slateblue1"
"ASV691",2,20,"black","slateblue1"
"ASV692",1,26,"black","slateblue1"
"ASV693",1,14,"black","slateblue1"
"ASV694",21,632,"black","black"
"ASV695",1,22,"black","slateblue1"
"ASV696",1,19,"black","slateblue1"
"ASV697",1,15,"black","slateblue1"
"ASV698",1,16,"black","slateblue1"
"ASV699",1,20,"black","slateblue1"
"ASV700",2,65,"black","black"
"ASV701",1,4,"black","slateblue1"
"ASV702",1,3,"black","slateblue1"
"ASV703",1,4,"black","slateblue1"
"ASV704",3,142,"black","black"
"ASV705",1,25,"black","slateblue1"
"ASV706",6,614,"black","black"
"ASV707",169,6755,"darkgoldenrod1","black"
"ASV708",1,9,"black","slateblue1"
"ASV709",1,15,"black","black"
"ASV710",1,26,"black","slateblue1"
"ASV711",1,15,"black","slateblue1"
"ASV712",2,29,"black","black"
"ASV713",3,21,"black","black"
"ASV714",5,79,"black","black"
"ASV715",1,16,"black","slateblue1"
"ASV716",1,10,"black","slateblue1"
"ASV717",1,25,"black","slateblue1"
"ASV718",3,130,"black","black"
"ASV719",2,40,"black","slateblue1"
"ASV720",1,8,"black","slateblue1"
"ASV721",1,58,"black","slateblue1"
"ASV722",1,9,"black","slateblue1"
"ASV723",1,19,"black","slateblue1"
"ASV724",1,4,"black","black"
"ASV725",2,16,"black","black"
"ASV726",4,36,"black","black"
"ASV727",9,116,"black","black"
"ASV728",1,10,"black","black"
"ASV729",1,5,"black","black"
"ASV730",1,10,"black","black"
"ASV731",1,22,"black","slateblue1"
"ASV732",2,37,"black","black"
"ASV733",2,61,"black","black"
"ASV734",3,320,"black","black"
"ASV735",8,262,"black","black"
"ASV736",7,109,"black","slateblue1"
"ASV737",1,28,"black","slateblue1"
"ASV738",5,90,"black","black"
"ASV739",1,2,"black","slateblue1"
"ASV740",1,13,"black","slateblue1"
"ASV741",6,77,"black","black"
"ASV742",1,3,"black","slateblue1"
"ASV743",1,8,"black","black"
"ASV744",1,3,"black","slateblue1"
"ASV745",1,8,"black","slateblue1"
"ASV746",1,8,"black","slateblue1"
"ASV747",3,63,"black","black"
"ASV748",10,221,"black","black"
"ASV749",15,528,"black","slateblue1"
"ASV750",1,13,"black","slateblue1"
"ASV751",1,14,"black","slateblue1"
"ASV752",4,57,"black","slateblue1"
"ASV753",1,10,"black","slateblue1"
"ASV754",1,3,"black","black"
"ASV755",1,4,"black","slateblue1"
"ASV756",1,25,"black","slateblue1"
"ASV757",5,114,"black","slateblue1"
"ASV758",1,3,"black","slateblue1"
"ASV759",1,7,"black","slateblue1"
"ASV760",2,106,"black","black"
"ASV761",2,15,"black","slateblue1"
"ASV762",1,21,"black","black"
"ASV763",1,8,"black","slateblue1"
"ASV764",1,5,"black","slateblue1"
"ASV765",4,26,"black","black"
"ASV766",2,13,"black","slateblue1"
"ASV767",2,16,"black","slateblue1"
"ASV768",1,12,"black","slateblue1"
"ASV769",4,140,"black","black"
"ASV770",1,13,"black","black"
"ASV771",1,38,"black","slateblue1"
"ASV772",2,21,"black","black"
"ASV773",2,25,"black","slateblue1"
"ASV774",3,89,"black","slateblue1"
"ASV775",1,75,"black","slateblue1"
"ASV776",1,89,"black","slateblue1"
"ASV777",3,79,"black","black"
"ASV778",1,3,"black","slateblue1"
"ASV779",1,5,"black","slateblue1"
"ASV780",1,7,"black","slateblue1"
"ASV781",1,37,"black","slateblue1"
"ASV782",1,5,"black","slateblue1"
"ASV783",1,6,"black","slateblue1"
"ASV784",1,3,"black","slateblue1"
"ASV785",1,5,"black","slateblue1"
"ASV786",3,40,"black","slateblue1"
"ASV787",1,16,"black","slateblue1"
"ASV788",1,30,"black","slateblue1"
"ASV789",1,3,"black","slateblue1"
"ASV790",1,4,"black","slateblue1"
"ASV791",2,26,"black","slateblue1"
"ASV792",1,3,"black","slateblue1"
"ASV793",1,3,"black","slateblue1"
"ASV794",1,12,"black","slateblue1"
"ASV795",1,7,"black","slateblue1"
"ASV796",10,99,"black","black"
"ASV797",5,106,"black","black"
"ASV798",1,17,"black","slateblue1"
"ASV799",1,17,"black","slateblue1"
"ASV800",7,90,"black","black"
"ASV801",4,47,"black","black"
"ASV802",9,287,"black","black"
"ASV803",1,3,"black","slateblue1"
"ASV804",1,24,"black","slateblue1"
"ASV805",1,6,"black","slateblue1"
"ASV806",4,30,"black","black"
"ASV807",3,108,"black","black"
"ASV808",1,3,"black","slateblue1"
"ASV809",2,13,"black","black"
"ASV810",1,3,"black","black"
"ASV811",2,14,"black","slateblue1"
"ASV812",1,7,"black","black"
"ASV813",2,22,"black","black"
"ASV814",4,63,"black","slateblue1"
"ASV815",1,9,"black","slateblue1"
"ASV816",1,11,"black","slateblue1"
"ASV817",1,14,"black","slateblue1"
"ASV818",1,10,"black","slateblue1"
"ASV819",1,3,"black","slateblue1"
"ASV820",1,3,"black","black"
"ASV821",1,3,"black","slateblue1"
"ASV822",1,15,"black","slateblue1"
"ASV823",1,6,"black","slateblue1"
"ASV824",1,4,"black","slateblue1"
"ASV825",1,3,"black","slateblue1"
"ASV826",2,12,"black","black"
"ASV827",1,15,"black","black"
"ASV828",1,5,"black","black"
"ASV829",2,155,"black","black"
"ASV830",1,21,"black","black"
"ASV831",1,27,"black","black"
"ASV832",1,6,"black","slateblue1"
"ASV833",1,17,"black","black"
"ASV834",3,43,"black","black"
"ASV835",2,23,"black","black"
"ASV836",4,50,"black","black"
"ASV837",3,16,"black","black"
"ASV838",1,17,"black","slateblue1"
"ASV839",1,53,"black","black"
"ASV840",2,57,"black","black"
"ASV841",30,631,"black","black"
"ASV842",1,8,"black","black"
"ASV843",1,52,"black","black"
"ASV844",2,56,"black","black"
"ASV845",1,73,"black","black"
"ASV846",25,825,"darkgoldenrod1","black"
"ASV847",1,96,"black","black"
"ASV848",1,5,"black","black"
"ASV849",1,64,"black","black"
"ASV850",1,5,"black","slateblue1"
"ASV851",1,6,"black","black"
"ASV852",1,40,"black","black"
"ASV853",1,90,"black","black"
"ASV854",1,12,"black","slateblue1"
"ASV855",1,4,"black","black"
"ASV856",1,3,"black","slateblue1"
"ASV857",1,70,"black","black"
"ASV858",1,4,"black","slateblue1"
"ASV859",1,3,"black","slateblue1"
"ASV860",1,4,"black","slateblue1"
"ASV861",1,44,"black","slateblue1"
"ASV862",1,3,"black","slateblue1"
"ASV863",1,5,"black","slateblue1"
"ASV864",1,3,"black","slateblue1"
"ASV865",1,11,"black","slateblue1"
"ASV866",1,11,"black","slateblue1"
"ASV867",1,12,"black","slateblue1"
"ASV868",1,39,"black","slateblue1"
"ASV869",1,8,"black","slateblue1"
"ASV870",1,23,"black","slateblue1"
"ASV871",1,8,"black","slateblue1"
"ASV872",1,3,"black","slateblue1"
"ASV873",1,8,"black","slateblue1"
"ASV874",1,40,"black","slateblue1"
"ASV875",1,70,"black","slateblue1"
"ASV876",1,12,"black","slateblue1"
"ASV877",1,30,"black","slateblue1"
"ASV878",1,10,"black","slateblue1"
"ASV879",1,13,"black","slateblue1"
"ASV880",1,30,"black","slateblue1"
"ASV881",1,114,"black","black"
"ASV882",1,11,"black","slateblue1"
"ASV883",1,22,"black","slateblue1"
"ASV884",5,577,"black","black"
"ASV885",1,42,"black","black"
"ASV886",264,28556,"darkgoldenrod1","black"
"ASV887",1,14,"black","slateblue1"
"ASV888",1,52,"black","slateblue1"
"ASV889",1,7,"black","slateblue1"
"ASV890",1,9,"black","slateblue1"
"ASV891",1,6,"black","slateblue1"
"ASV892",1,4,"black","slateblue1"
"ASV893",1,9,"black","slateblue1"
"ASV894",1,10,"black","slateblue1"
"ASV895",1,5,"black","slateblue1"
"ASV896",1,12,"black","slateblue1"
"ASV897",1,7,"black","slateblue1"
"ASV898",1,5,"black","slateblue1"
"ASV899",1,16,"black","slateblue1"
"ASV900",1,3,"black","slateblue1"
"ASV901",1,7,"black","slateblue1"
"ASV902",82,6992,"darkgoldenrod1","black"
"ASV903",1,27,"black","black"
"ASV904",1,7,"black","black"
"ASV905",2,124,"black","black"
"ASV906",6,189,"black","black"
"ASV907",2,73,"black","black"
"ASV908",2,54,"black","slateblue1"
"ASV909",12,953,"darkgoldenrod1","black"
"ASV910",1,396,"black","black"
"ASV911",2,272,"black","black"
"ASV912",1,14,"black","slateblue1"
"ASV913",1,68,"black","black"
"ASV914",1,59,"black","slateblue1"
"ASV915",31,2216,"black","black"
"ASV916",1,20,"black","slateblue1"
"ASV917",1,9,"black","slateblue1"
"ASV918",1,5,"black","slateblue1"
"ASV919",1,9,"black","slateblue1"
"ASV920",2,55,"black","slateblue1"
"ASV921",18,426,"black","black"
"ASV922",4,245,"black","black"
"ASV923",13,656,"darkgoldenrod1","black"
"ASV924",1,9,"black","black"
"ASV925",2,77,"black","slateblue1"
"ASV926",1,6,"black","slateblue1"
"ASV927",1,13,"black","slateblue1"
"ASV928",1,31,"black","slateblue1"
"ASV929",1,38,"black","slateblue1"
"ASV930",1,22,"black","slateblue1"
"ASV931",1,28,"black","slateblue1"
"ASV932",1,33,"black","slateblue1"
"ASV933",1,32,"black","slateblue1"
"ASV934",1,60,"black","slateblue1"
"ASV935",124,4701,"darkgoldenrod1","black"
"ASV936",9,394,"black","black"
"ASV937",1,12,"black","black"
"ASV938",1,13,"black","slateblue1"
"ASV939",3,46,"black","black"
"ASV940",6,328,"black","black"
"ASV941",1,9,"black","black"
"ASV942",11,479,"darkgoldenrod1","black"
"ASV943",1,4,"black","slateblue1"
"ASV944",1,10,"black","slateblue1"
"ASV945",31,903,"darkgoldenrod1","black"
"ASV946",1,17,"black","black"
"ASV947",10,421,"black","black"
"ASV948",4,282,"black","black"
"ASV949",15,995,"black","black"
"ASV950",1,3,"black","slateblue1"
"ASV951",1,9,"black","slateblue1"
"ASV952",1,39,"black","slateblue1"
"ASV953",1,43,"black","slateblue1"
"ASV954",1,12,"black","slateblue1"
"ASV955",1,5,"black","slateblue1"
"ASV956",1,4,"black","slateblue1"
"ASV957",1,4,"black","slateblue1"
"ASV958",1,3,"black","slateblue1"
"ASV959",1,3,"black","slateblue1"
"ASV960",1,10,"black","slateblue1"
"ASV961",1,6,"black","slateblue1"
"ASV962",1,5,"black","slateblue1"
"ASV963",238,26430,"darkgoldenrod1","black"
"ASV964",1,17,"black","slateblue1"
"ASV965",1,14,"black","slateblue1"
"ASV966",1,75,"black","slateblue1"
"ASV967",1,42,"black","slateblue1"
"ASV968",1,8,"black","slateblue1"
"ASV969",1,31,"black","slateblue1"
"ASV970",1,26,"black","slateblue1"
"ASV971",42,4333,"darkgoldenrod1","black"
"ASV972",2,100,"black","black"
"ASV973",1,12,"black","slateblue1"
"ASV974",1,7,"black","slateblue1"
"ASV975",1,41,"black","slateblue1"
"ASV976",1,23,"black","slateblue1"
"ASV977",1,3,"black","slateblue1"
"ASV978",1,41,"black","slateblue1"
"ASV979",1,28,"black","slateblue1"
"ASV980",1,13,"black","slateblue1"
"ASV981",1,57,"black","slateblue1"
"ASV982",1,13,"black","slateblue1"
"ASV983",1,9,"black","slateblue1"
"ASV984",6,208,"darkgoldenrod1","black"
"ASV985",1,6,"black","slateblue1"
"ASV986",1,4,"black","slateblue1"
"ASV987",1,16,"black","slateblue1"
"ASV988",1,14,"black","slateblue1"
"ASV989",1,15,"black","slateblue1"
"ASV990",75,2240,"darkgoldenrod1","black"
"ASV991",1,8,"black","black"
"ASV992",11,421,"black","black"
"ASV993",3,294,"black","black"
"ASV994",1,52,"black","black"
"ASV995",2,43,"black","black"
"ASV996",2,63,"black","slateblue1"
"ASV997",1,16,"black","black"
"ASV998",22,390,"darkgoldenrod1","black"
"ASV999",1,4,"black","black"
"ASV1000",1,40,"black","slateblue1"
"ASV1001",1,4,"black","slateblue1"
"ASV1002",1,2,"black","slateblue1"
"ASV1003",17,232,"black","black"
"ASV1004",1,18,"black","black"
"ASV1005",1,14,"black","slateblue1"
"ASV1006",1,4,"black","black"
"ASV1007",5,137,"black","black"
"ASV1008",8,177,"black","black"
"ASV1009",1,4,"black","slateblue1"
"ASV1010",1,3,"black","slateblue1"
"ASV1011",1,3,"black","slateblue1"
"ASV1012",1,2,"black","slateblue1"
"ASV1013",1,3,"black","slateblue1"
"ASV1014",1,4,"black","slateblue1"
"ASV1015",1,9,"black","black"
"ASV1016",1,5,"black","slateblue1"
"ASV1017",1,3,"black","slateblue1"
"ASV1018",1,3,"black","slateblue1"
"ASV1019",1,3,"black","slateblue1"
"ASV1020",1,3,"black","black"
"ASV1021",1,14,"black","slateblue1"
"ASV1022",1,5,"black","slateblue1"
"ASV1023",1,2,"black","slateblue1"
"ASV1024",1,3,"black","slateblue1"
"ASV1025",1,9,"black","slateblue1"
"ASV1026",1,4,"black","slateblue1"
"ASV1027",1,3,"black","slateblue1"
"ASV1028",1,8,"black","slateblue1"
"ASV1029",1,13,"black","slateblue1"
"ASV1030",1,2,"black","slateblue1"
"ASV1031",1,5,"black","slateblue1"
"ASV1032",1,6,"black","slateblue1"
"ASV1033",1,4,"black","black"
"ASV1034",1,6,"black","slateblue1"
"ASV1035",1,2,"black","slateblue1"
"ASV1036",1,13,"black","slateblue1"
"ASV1037",1,3,"black","slateblue1"
"ASV1038",1,18,"black","slateblue1"
"ASV1039",1,4,"black","black"
"ASV1040",6,355,"black","black"
"ASV1041",27,972,"black","black"
"ASV1042",1,36,"black","black"
"ASV1043",3,197,"black","black"
"ASV1044",1,32,"black","black"
"ASV1045",7,284,"black","black"
"ASV1046",15,418,"black","black"
"ASV1047",9,302,"black","black"
"ASV1048",1,22,"black","slateblue1"
"ASV1049",1,68,"black","slateblue1"
"ASV1050",1,17,"black","slateblue1"
"ASV1051",2,12,"black","slateblue1"
"ASV1052",2,209,"black","black"
"ASV1053",4,106,"black","black"
"ASV1054",1,46,"black","slateblue1"
"ASV1055",1,2,"black","black"
"ASV1056",1,44,"black","slateblue1"
"ASV1057",1,20,"black","slateblue1"
"ASV1058",4,41,"black","black"
"ASV1059",1,23,"black","slateblue1"
"ASV1060",17,1130,"black","black"
"ASV1061",1,2,"black","black"
"ASV1062",3,88,"black","black"
"ASV1063",49,2757,"darkgoldenrod1","black"
"ASV1064",1,71,"black","slateblue1"
"ASV1065",1,9,"black","slateblue1"
"ASV1066",2,53,"black","slateblue1"
"ASV1067",1,28,"black","slateblue1"
"ASV1068",1,7,"black","black"
"ASV1069",4,289,"black","black"
"ASV1070",5,10,"black","black"
"ASV1071",2,72,"black","black"
"ASV1072",6,24,"black","slateblue1"
"ASV1073",5,373,"black","slateblue1"
"ASV1074",1,6,"black","slateblue1"
"ASV1075",2,132,"black","slateblue1"
"ASV1076",2,180,"black","slateblue1"
"ASV1077",388,52979,"darkgoldenrod1","black"
"ASV1078",1,77,"black","slateblue1"
"ASV1079",1,14,"black","slateblue1"
"ASV1080",1,84,"black","slateblue1"
"ASV1081",1,4,"black","black"
"ASV1082",1,10,"black","slateblue1"
"ASV1083",1,5,"black","slateblue1"
"ASV1084",1,4,"black","black"
"ASV1085",1,4,"black","slateblue1"
"ASV1086",1,6,"black","slateblue1"
"ASV1087",1,2,"black","slateblue1"
"ASV1088",1,3,"black","slateblue1"
"ASV1089",1,3,"black","slateblue1"
"ASV1090",1,9,"black","slateblue1"
"ASV1091",1,109,"black","black"
"ASV1092",1,39,"black","slateblue1"
"ASV1093",91,5846,"darkgoldenrod1","black"
"ASV1094",23,1682,"black","black"
"ASV1095",23,1743,"darkgoldenrod1","black"
"ASV1096",1,14,"black","black"
"ASV1097",1,11,"black","slateblue1"
"ASV1098",2,153,"black","black"
"ASV1099",1,9,"black","slateblue1"
"ASV1100",1,17,"black","slateblue1"
"ASV1101",12,375,"black","slateblue1"
"ASV1102",1,2,"black","slateblue1"
"ASV1103",12,427,"black","slateblue1"
"ASV1104",1,39,"black","black"
"ASV1105",5,149,"black","black"
"ASV1106",1,29,"black","black"
"ASV1107",2,81,"black","slateblue1"
"ASV1108",21,1866,"black","black"
"ASV1109",1,17,"black","slateblue1"
"ASV1110",15,346,"black","black"
"ASV1111",1,62,"black","slateblue1"
"ASV1112",1,100,"black","slateblue1"
"ASV1113",78,7197,"darkgoldenrod1","black"
"ASV1114",202,28235,"darkgoldenrod1","black"
"ASV1115",1,17,"black","slateblue1"
"ASV1116",1,18,"black","slateblue1"
"ASV1117",1,55,"black","slateblue1"
"ASV1118",1,39,"black","slateblue1"
"ASV1119",4,101,"black","black"
"ASV1120",15,221,"black","black"
"ASV1121",29,185,"black","black"
"ASV1122",16,224,"darkgoldenrod1","black"
"ASV1123",1,15,"black","black"
"ASV1124",1,14,"black","slateblue1"
"ASV1125",1,34,"black","slateblue1"
"ASV1126",279,43028,"darkgoldenrod1","black"
"ASV1127",1,46,"black","slateblue1"
"ASV1128",4,215,"black","slateblue1"
"ASV1129",1,24,"black","slateblue1"
"ASV1130",1,22,"black","slateblue1"
"ASV1131",1,51,"black","black"
"ASV1132",167,20420,"darkgoldenrod1","black"
"ASV1133",1,33,"black","slateblue1"
"ASV1134",45,723,"darkgoldenrod1","black"
"ASV1135",1,20,"black","slateblue1"
"ASV1136",79,1111,"darkgoldenrod1","black"
"ASV1137",1,21,"black","slateblue1"
"ASV1138",1,15,"black","slateblue1"
"ASV1139",1,39,"black","black"
"ASV1140",11,151,"black","black"
"ASV1141",11,627,"darkgoldenrod1","black"
"ASV1142",8,342,"black","slateblue1"
"ASV1143",1,34,"black","slateblue1"
"ASV1144",53,593,"darkgoldenrod1","black"
"ASV1145",17,1938,"darkgoldenrod1","black"
"ASV1146",6,441,"black","black"
"ASV1147",3,9,"black","black"
"ASV1148",1,24,"black","slateblue1"
"ASV1149",41,470,"black","black"
"ASV1150",1,28,"black","slateblue1"
"ASV1151",1,14,"black","slateblue1"
"ASV1152",10,609,"black","black"
"ASV1153",1,23,"black","slateblue1"
"ASV1154",16,171,"black","black"
"ASV1155",1,12,"black","slateblue1"
"ASV1156",2,18,"black","black"
"ASV1157",6,195,"black","black"
"ASV1158",6,31,"black","black"
"ASV1159",1,28,"black","black"
"ASV1160",7,485,"black","black"
"ASV1161",1,22,"black","black"
"ASV1162",1,12,"black","slateblue1"
"ASV1163",1,17,"black","slateblue1"
"ASV1164",1,7,"black","slateblue1"
"ASV1165",76,742,"darkgoldenrod1","black"
"ASV1166",1,11,"black","slateblue1"
"ASV1167",1,10,"black","black"
"ASV1168",32,218,"darkgoldenrod1","black"
"ASV1169",1,38,"black","slateblue1"
"ASV1170",122,11311,"darkgoldenrod1","black"
"ASV1171",1,57,"black","black"
"ASV1172",1,167,"black","black"
"ASV1173",1,36,"black","black"
"ASV1174",1,76,"black","slateblue1"
"ASV1175",1,45,"black","slateblue1"
"ASV1176",1,13,"black","slateblue1"
"ASV1177",46,2329,"darkgoldenrod1","black"
"ASV1178",7,610,"black","black"
"ASV1179",15,371,"black","black"
"ASV1180",12,1645,"darkgoldenrod1","black"
"ASV1181",1,15,"black","slateblue1"
"ASV1182",1,20,"black","black"
"ASV1183",1,20,"black","slateblue1"
"ASV1184",2,155,"black","slateblue1"
"ASV1185",3,167,"black","black"
"ASV1186",1,28,"black","black"
"ASV1187",14,432,"darkgoldenrod1","black"
"ASV1188",3,151,"black","black"
"ASV1189",11,497,"black","slateblue1"
"ASV1190",2,111,"black","slateblue1"
"ASV1191",1,24,"black","black"
"ASV1192",1,63,"black","slateblue1"
"ASV1193",38,1190,"darkgoldenrod1","black"
"ASV1194",14,223,"darkgoldenrod1","black"
"ASV1195",2,88,"black","black"
"ASV1196",22,1547,"darkgoldenrod1","black"
"ASV1197",9,65,"black","slateblue1"
"ASV1198",5,185,"black","slateblue1"
"ASV1199",1,29,"black","black"
"ASV1200",5,237,"black","slateblue1"
"ASV1201",3,52,"black","black"
"ASV1202",19,415,"darkgoldenrod1","black"
"ASV1203",6,54,"black","slateblue1"
"ASV1204",1,108,"black","slateblue1"
"ASV1205",36,2736,"darkgoldenrod1","black"
"ASV1206",33,757,"black","black"
"ASV1207",1,18,"black","slateblue1"
"ASV1208",47,4121,"darkgoldenrod1","black"
"ASV1209",63,5513,"darkgoldenrod1","black"
"ASV1210",14,320,"darkgoldenrod1","black"
"ASV1211",3,340,"black","slateblue1"
"ASV1212",1,61,"black","slateblue1"
"ASV1213",1,26,"black","slateblue1"
"ASV1214",3,257,"black","black"
"ASV1215",15,191,"black","black"
"ASV1216",13,709,"black","black"
"ASV1217",22,916,"darkgoldenrod1","black"
"ASV1218",1,2,"black","black"
"ASV1219",1,39,"black","slateblue1"
"ASV1220",1,13,"black","slateblue1"
"ASV1221",5,44,"black","slateblue1"
"ASV1222",2,97,"black","black"
"ASV1223",1,6,"black","slateblue1"
"ASV1224",1,6,"black","slateblue1"
"ASV1225",2,6,"black","slateblue1"
"ASV1226",1,3,"black","slateblue1"
"ASV1227",1,3,"black","slateblue1"
"ASV1228",1,14,"black","black"
"ASV1229",1,3,"black","slateblue1"
"ASV1230",1,3,"black","slateblue1"
"ASV1231",1,3,"black","slateblue1"
"ASV1232",1,14,"black","slateblue1"
"ASV1233",1,4,"black","slateblue1"
"ASV1234",1,4,"black","slateblue1"
"ASV1235",1,7,"black","slateblue1"
"ASV1236",1,23,"black","slateblue1"
"ASV1237",1,8,"black","slateblue1"
"ASV1238",1,5,"black","slateblue1"
"ASV1239",75,1445,"darkgoldenrod1","black"
"ASV1240",1,12,"black","slateblue1"
"ASV1241",1,8,"black","slateblue1"
"ASV1242",1,12,"black","slateblue1"
"ASV1243",1,8,"black","slateblue1"
"ASV1244",1,17,"black","slateblue1"
"ASV1245",1,4,"black","slateblue1"
"ASV1246",1,13,"black","slateblue1"
"ASV1247",1,13,"black","slateblue1"
"ASV1248",1,11,"black","slateblue1"
"ASV1249",132,5213,"darkgoldenrod1","black"
"ASV1250",1,7,"black","slateblue1"
"ASV1251",1,9,"black","slateblue1"
"ASV1252",1,65,"black","slateblue1"
"ASV1253",1,12,"black","slateblue1"
"ASV1254",1,15,"black","slateblue1"
"ASV1255",1,9,"black","slateblue1"
"ASV1256",1,14,"black","slateblue1"
"ASV1257",10,248,"darkgoldenrod1","black"
"ASV1258",1,23,"black","slateblue1"
"ASV1259",15,375,"darkgoldenrod1","black"
"ASV1260",1,10,"black","slateblue1"
"ASV1261",1,20,"black","slateblue1"
"ASV1262",1,8,"black","slateblue1"
"ASV1263",7,149,"black","black"
"ASV1264",25,752,"darkgoldenrod1","black"
"ASV1265",11,188,"black","black"
"ASV1266",1,4,"black","slateblue1"
"ASV1267",1,8,"black","slateblue1"
"ASV1268",1,9,"black","slateblue1"
"ASV1269",1,4,"black","slateblue1"
"ASV1270",2,8,"black","black"
"ASV1271",126,3747,"darkgoldenrod1","black"
"ASV1272",1,3,"black","black"
"ASV1273",1,7,"black","slateblue1"
"ASV1274",1,4,"black","black"
"ASV1275",1,6,"black","slateblue1"
"ASV1276",1,4,"black","slateblue1"
"ASV1277",1,6,"black","slateblue1"
"ASV1278",1,10,"black","slateblue1"
"ASV1279",1,14,"black","slateblue1"
"ASV1280",1,20,"black","slateblue1"
"ASV1281",1,20,"black","slateblue1"
"ASV1282",1,16,"black","slateblue1"
"ASV1283",1,14,"black","black"
"ASV1284",2,25,"black","slateblue1"
"ASV1285",1,11,"black","black"
"ASV1286",25,359,"darkgoldenrod1","black"
"ASV1287",4,22,"black","black"
"ASV1288",1,12,"black","black"
"ASV1289",1,3,"black","slateblue1"
"ASV1290",1,4,"black","slateblue1"
"ASV1291",14,196,"black","black"
"ASV1292",1,10,"black","black"
"ASV1293",1,11,"black","slateblue1"
"ASV1294",1,10,"black","black"
"ASV1295",1,6,"black","black"
"ASV1296",1,5,"black","slateblue1"
"ASV1297",6,168,"black","slateblue1"
"ASV1298",1,3,"black","black"
"ASV1299",6,314,"black","black"
"ASV1300",17,717,"black","black"
"ASV1301",1,10,"black","slateblue1"
"ASV1302",1,15,"black","slateblue1"
"ASV1303",38,1557,"darkgoldenrod1","black"
"ASV1304",1,22,"black","slateblue1"
"ASV1305",1,3,"black","slateblue1"
"ASV1306",4,193,"black","black"
"ASV1307",1,37,"black","black"
"ASV1308",1,14,"black","slateblue1"
"ASV1309",1,4,"black","slateblue1"
"ASV1310",1,10,"black","slateblue1"
"ASV1311",1,17,"black","slateblue1"
"ASV1312",1,2,"black","slateblue1"
"ASV1313",1,21,"black","slateblue1"
"ASV1314",1,20,"black","slateblue1"
"ASV1315",1,11,"black","slateblue1"
"ASV1316",1,16,"black","slateblue1"
"ASV1317",1,3,"black","slateblue1"
"ASV1318",1,4,"black","slateblue1"
"ASV1319",1,11,"black","slateblue1"
"ASV1320",1,208,"black","slateblue1"
"ASV1321",1,349,"black","slateblue1"
"ASV1322",4,799,"black","black"
"ASV1323",1,20,"black","slateblue1"
"ASV1324",1,13,"black","slateblue1"
"ASV1325",14,1181,"black","black"
"ASV1326",1,15,"black","slateblue1"
"ASV1327",9,480,"darkgoldenrod1","black"
"ASV1328",1,8,"black","slateblue1"
"ASV1329",1,63,"black","slateblue1"
"ASV1330",1,111,"black","black"
"ASV1331",67,11761,"darkgoldenrod1","black"
"ASV1332",1,28,"black","black"
"ASV1333",1,63,"black","slateblue1"
"ASV1334",1,376,"black","black"
"ASV1335",1,33,"black","slateblue1"
"ASV1336",1,30,"black","slateblue1"
"ASV1337",1,35,"black","slateblue1"
"ASV1338",1,10,"black","slateblue1"
"ASV1339",1,27,"black","slateblue1"
"ASV1340",1,4,"black","black"
"ASV1341",1,4,"black","slateblue1"
"ASV1342",1,7,"black","slateblue1"
"ASV1343",1,3,"black","slateblue1"
"ASV1344",1,7,"black","slateblue1"
"ASV1345",1,3,"black","slateblue1"
"ASV1346",1,3,"black","slateblue1"
"ASV1347",1,3,"black","slateblue1"
"ASV1348",1,4,"black","black"
"ASV1349",1,11,"black","slateblue1"
"ASV1350",1,8,"black","slateblue1"
"ASV1351",1,6,"black","slateblue1"
"ASV1352",1,4,"black","slateblue1"
"ASV1353",1,279,"black","black"
"ASV1354",3,220,"black","slateblue1"
"ASV1355",1,13,"black","slateblue1"
"ASV1356",1,54,"black","slateblue1"
"ASV1357",1,21,"black","black"
"ASV1358",565,166474,"darkgoldenrod1","black"
"ASV1359",1,223,"black","black"
"ASV1360",1,84,"black","black"
"ASV1361",2,62,"black","slateblue1"
"ASV1362",1,15,"black","slateblue1"
"ASV1363",1,19,"black","slateblue1"
"ASV1364",1,30,"black","slateblue1"
"ASV1365",1,22,"black","slateblue1"
"ASV1366",1,30,"black","slateblue1"
"ASV1367",1,8,"black","slateblue1"
"ASV1368",1,13,"black","slateblue1"
"ASV1369",1,9,"black","slateblue1"
"ASV1370",1,7,"black","slateblue1"
"ASV1371",1,3,"black","slateblue1"
"ASV1372",1,3,"black","slateblue1"
"ASV1373",1,5,"black","slateblue1"
"ASV1374",1,10,"black","slateblue1"
"ASV1375",1,4,"black","slateblue1"
"ASV1376",1,3,"black","slateblue1"
"ASV1377",3,109,"black","slateblue1"
"ASV1378",1,37,"black","slateblue1"
"ASV1379",1,17,"black","slateblue1"
"ASV1380",7,1207,"black","black"
"ASV1381",4,669,"black","black"
"ASV1382",3,345,"black","black"
"ASV1383",1,11,"black","slateblue1"
"ASV1384",4,288,"black","slateblue1"
"ASV1385",4,345,"black","slateblue1"
"ASV1386",5,1027,"black","slateblue1"
"ASV1387",3,353,"black","black"
"ASV1388",1,50,"black","slateblue1"
"ASV1389",1,37,"black","slateblue1"
"ASV1390",41,5674,"darkgoldenrod1","black"
"ASV1391",8,644,"black","black"
"ASV1392",10,540,"black","slateblue1"
"ASV1393",1,23,"black","slateblue1"
"ASV1394",1,9,"black","slateblue1"
"ASV1395",1,9,"black","slateblue1"
"ASV1396",1,16,"black","slateblue1"
"ASV1397",1,6,"black","slateblue1"
"ASV1398",261,53537,"darkgoldenrod1","black"
"ASV1399",1,4,"black","slateblue1"
"ASV1400",1,3,"black","slateblue1"
"ASV1401",1,3,"black","slateblue1"
"ASV1402",1,3,"black","slateblue1"
"ASV1403",1,3,"black","slateblue1"
"ASV1404",1,60,"black","slateblue1"
"ASV1405",117,26195,"darkgoldenrod1","black"
"ASV1406",127,25176,"darkgoldenrod1","black"
"ASV1407",1,12,"black","slateblue1"
"ASV1408",1,10,"black","slateblue1"
"ASV1409",1,5,"black","slateblue1"
"ASV1410",1,68,"black","slateblue1"
"ASV1411",31,2195,"darkgoldenrod1","black"
"ASV1412",1,3,"black","slateblue1"
"ASV1413",29,2182,"darkgoldenrod1","black"
"ASV1414",77,17853,"darkgoldenrod1","black"
"ASV1415",1,43,"black","slateblue1"
"ASV1416",1,31,"black","slateblue1"
"ASV1417",1,6,"black","slateblue1"
"ASV1418",1,29,"black","slateblue1"
"ASV1419",1,41,"black","black"
"ASV1420",1,76,"black","slateblue1"
"ASV1421",12,1420,"darkgoldenrod1","black"
"ASV1422",38,1049,"darkgoldenrod1","black"
"ASV1423",2,339,"black","slateblue1"
"ASV1424",29,4942,"darkgoldenrod1","black"
"ASV1425",1,12,"black","slateblue1"
"ASV1426",1,6,"black","slateblue1"
"ASV1427",3,199,"black","slateblue1"
"ASV1428",7,1866,"black","slateblue1"
"ASV1429",2,778,"black","black"
"ASV1430",1,54,"black","slateblue1"
"ASV1431",15,1127,"black","black"
"ASV1432",8,3273,"black","black"
"ASV1433",8,2035,"black","slateblue1"
"ASV1434",1,58,"black","slateblue1"
"ASV1435",1,32,"black","slateblue1"
"ASV1436",22,2781,"black","black"
"ASV1437",1,53,"black","slateblue1"
"ASV1438",6,1353,"black","slateblue1"
"ASV1439",1,3,"black","slateblue1"
"ASV1440",6,667,"black","black"
"ASV1441",1,5,"black","slateblue1"
"ASV1442",321,331393,"darkgoldenrod1","black"
"ASV1443",1,152,"black","slateblue1"
"ASV1444",2,251,"black","black"
"ASV1445",1,8,"black","slateblue1"
"ASV1446",1,69,"black","slateblue1"
"ASV1447",1,31,"black","slateblue1"
"ASV1448",2,40,"black","slateblue1"
"ASV1449",37,2636,"black","black"
"ASV1450",1,12,"black","slateblue1"
"ASV1451",1,12,"black","slateblue1"
"ASV1452",1,11,"black","slateblue1"
"ASV1453",1,5,"black","slateblue1"
"ASV1454",1,3,"black","slateblue1"
"ASV1455",1,123,"black","black"
"ASV1456",1,17,"black","slateblue1"
"ASV1457",1,71,"black","slateblue1"
"ASV1458",1,7,"black","slateblue1"
"ASV1459",1,193,"black","slateblue1"
"ASV1460",1,33,"black","black"
"ASV1461",44,11568,"darkgoldenrod1","black"
"ASV1462",8,1737,"black","black"
"ASV1463",6,1334,"black","black"
"ASV1464",1,47,"black","slateblue1"
"ASV1465",1,16,"black","slateblue1"
"ASV1466",52,7501,"darkgoldenrod1","black"
"ASV1467",1,31,"black","slateblue1"
"ASV1468",1,33,"black","slateblue1"
"ASV1469",38,4223,"darkgoldenrod1","black"
"ASV1470",1,62,"black","slateblue1"
"ASV1471",1,3,"black","slateblue1"
"ASV1472",1,5,"black","slateblue1"
"ASV1473",1,6,"black","slateblue1"
"ASV1474",1,3,"black","slateblue1"
"ASV1475",1,22,"black","slateblue1"
"ASV1476",110,9746,"darkgoldenrod1","black"
"ASV1477",203,69822,"darkgoldenrod1","black"
"ASV1478",1,168,"black","black"
"ASV1479",1,139,"black","slateblue1"
"ASV1480",1,31,"black","slateblue1"
"ASV1481",6,1202,"black","black"
"ASV1482",32,5657,"black","slateblue1"
"ASV1483",11,3385,"black","black"
"ASV1484",1,31,"black","slateblue1"
"ASV1485",1,31,"black","slateblue1"
"ASV1486",300,145245,"darkgoldenrod1","black"
"ASV1487",1,14,"black","slateblue1"
"ASV1488",1,27,"black","slateblue1"
"ASV1489",16,973,"black","black"
"ASV1490",3,147,"black","black"
"ASV1491",204,84720,"darkgoldenrod1","black"
"ASV1492",1,22,"black","slateblue1"
"ASV1493",1,20,"black","slateblue1"
"ASV1494",2,1562,"black","slateblue1"
"ASV1495",1,12,"black","slateblue1"
"ASV1496",90,11622,"darkgoldenrod1","black"
"ASV1497",1,3,"black","slateblue1"
"ASV1498",1,4,"black","slateblue1"
"ASV1499",1,5,"black","slateblue1"
"ASV1500",1,3,"black","slateblue1"
"ASV1501",1,3,"black","slateblue1"
"ASV1502",1,6,"black","slateblue1"
"ASV1503",1,21,"black","slateblue1"
"ASV1504",1,14,"black","slateblue1"
"ASV1505",1,11,"black","slateblue1"
"ASV1506",1,4,"black","slateblue1"
"ASV1507",1,6,"black","slateblue1"
"ASV1508",1,18,"black","slateblue1"
"ASV1509",1,9,"black","slateblue1"
"ASV1510",2,15,"black","slateblue1"
"ASV1511",1,6,"black","slateblue1"
"ASV1512",1,20,"black","slateblue1"
"ASV1513",1,3,"black","slateblue1"
"ASV1514",1,3,"black","slateblue1"
"ASV1515",4,70,"black","slateblue1"
"ASV1516",1,6,"black","slateblue1"
"ASV1517",5,106,"black","slateblue1"
"ASV1518",1,7,"black","slateblue1"
"ASV1519",1,6,"black","slateblue1"
"ASV1520",1,4,"black","slateblue1"
"ASV1521",6,53,"black","black"
"ASV1522",1,3,"black","slateblue1"
"ASV1523",1,3,"black","slateblue1"
"ASV1524",1,8,"black","slateblue1"
"ASV1525",1,6,"black","slateblue1"
"ASV1526",1,3,"black","slateblue1"
"ASV1527",1,3,"black","slateblue1"
"ASV1528",1,3,"black","slateblue1"
"ASV1529",1,7,"black","slateblue1"
"ASV1530",1,8,"black","slateblue1"
"ASV1531",1,11,"black","slateblue1"
"ASV1532",1,6,"black","slateblue1"
"ASV1533",1,4,"black","black"
"ASV1534",1,3,"black","slateblue1"
"ASV1535",1,3,"black","slateblue1"
"ASV1536",1,5,"black","slateblue1"
"ASV1537",1,4,"black","slateblue1"
"ASV1538",1,4,"black","slateblue1"
"ASV1539",1,3,"black","black"
"ASV1540",1,4,"black","slateblue1"
"ASV1541",1,4,"black","slateblue1"
"ASV1542",1,5,"black","slateblue1"
"ASV1543",1,3,"black","slateblue1"
"ASV1544",1,3,"black","slateblue1"
"ASV1545",1,4,"black","black"
"ASV1546",1,5,"black","black"
"ASV1547",1,36,"black","slateblue1"
"ASV1548",1,6,"black","slateblue1"
"ASV1549",1,3,"black","slateblue1"
"ASV1550",1,7,"black","black"
"ASV1551",1,8,"black","black"
"ASV1552",1,2,"black","slateblue1"
"ASV1553",1,3,"black","slateblue1"
"ASV1554",1,3,"black","slateblue1"
"ASV1555",1,4,"black","slateblue1"
"ASV1556",1,5,"black","slateblue1"
"ASV1557",1,4,"black","slateblue1"
"ASV1558",1,11,"black","slateblue1"
"ASV1559",3,22,"black","black"
"ASV1560",1,7,"black","slateblue1"
"ASV1561",1,7,"black","slateblue1"
"ASV1562",1,4,"black","slateblue1"
"ASV1563",1,3,"black","slateblue1"
"ASV1564",1,14,"black","slateblue1"
"ASV1565",1,5,"black","slateblue1"
"ASV1566",1,4,"black","slateblue1"
"ASV1567",1,7,"black","slateblue1"
"ASV1568",1,71,"black","slateblue1"
"ASV1569",1,17,"black","slateblue1"
"ASV1570",1,10,"black","black"
"ASV1571",1,6,"black","slateblue1"
"ASV1572",1,3,"black","slateblue1"
"ASV1573",1,3,"black","slateblue1"
"ASV1574",1,4,"black","slateblue1"
"ASV1575",1,14,"black","slateblue1"
"ASV1576",1,4,"black","slateblue1"
"ASV1577",1,4,"black","slateblue1"
"ASV1578",1,16,"black","slateblue1"
"ASV1579",1,3,"black","slateblue1"
"ASV1580",2,18,"black","black"
"ASV1581",1,5,"black","slateblue1"
"ASV1582",1,3,"black","slateblue1"
"ASV1583",1,4,"black","slateblue1"
"ASV1584",1,5,"black","slateblue1"
"ASV1585",1,7,"black","slateblue1"
"ASV1586",1,3,"black","slateblue1"
"ASV1587",1,3,"black","slateblue1"
"ASV1588",1,9,"black","slateblue1"
"ASV1589",1,22,"black","slateblue1"
"ASV1590",1,3,"black","slateblue1"
"ASV1591",1,3,"black","slateblue1"
"ASV1592",1,4,"black","slateblue1"
"ASV1593",1,6,"black","slateblue1"
"ASV1594",1,7,"black","slateblue1"
"ASV1595",1,5,"black","slateblue1"
"ASV1596",1,3,"black","slateblue1"
"ASV1597",1,5,"black","slateblue1"
"ASV1598",1,5,"black","black"
"ASV1599",1,92,"black","black"
"ASV1600",83,12487,"darkgoldenrod1","black"
"ASV1601",42,8882,"darkgoldenrod1","black"
"ASV1602",2,76,"black","slateblue1"
"ASV1603",95,27941,"darkgoldenrod1","black"
"ASV1604",1,38,"black","slateblue1"
"ASV1605",9,1015,"black","black"
"ASV1606",1,49,"black","slateblue1"
"ASV1607",3,892,"black","black"
"ASV1608",1,27,"black","black"
"ASV1609",1,38,"black","black"
"ASV1610",188,45475,"darkgoldenrod1","black"
"ASV1611",133,21121,"darkgoldenrod1","black"
"ASV1612",1,28,"black","slateblue1"
"ASV1613",1,7,"black","slateblue1"
"ASV1614",1,3,"black","slateblue1"
"ASV1615",1,11,"black","slateblue1"
"ASV1616",1,17,"black","slateblue1"
"ASV1617",1,3,"black","slateblue1"
"ASV1618",1,3,"black","slateblue1"
"ASV1619",1,20,"black","slateblue1"
"ASV1620",74,3103,"darkgoldenrod1","black"
"ASV1621",1,32,"black","slateblue1"
"ASV1622",77,2978,"darkgoldenrod1","black"
"ASV1623",1,3,"black","slateblue1"
"ASV1624",9,228,"black","black"
"ASV1625",1,16,"black","black"
"ASV1626",77,3105,"darkgoldenrod1","black"
"ASV1627",1,22,"black","slateblue1"
"ASV1628",128,7335,"darkgoldenrod1","black"
"ASV1629",1,11,"black","black"
"ASV1630",1,21,"black","slateblue1"
"ASV1631",1,10,"black","slateblue1"
"ASV1632",1,8,"black","slateblue1"
"ASV1633",3,100,"black","slateblue1"
"ASV1634",2,82,"black","black"
"ASV1635",11,467,"black","black"
"ASV1636",33,1522,"black","black"
"ASV1637",1,13,"black","slateblue1"
"ASV1638",1,8,"black","slateblue1"
"ASV1639",1,10,"black","black"
"ASV1640",54,2472,"black","black"
"ASV1641",1,19,"black","slateblue1"
"ASV1642",1,6,"black","slateblue1"
"ASV1643",1,14,"black","slateblue1"
"ASV1644",1,12,"black","slateblue1"
"ASV1645",1,8,"black","slateblue1"
"ASV1646",1,10,"black","slateblue1"
"ASV1647",1,7,"black","slateblue1"
"ASV1648",1,3,"black","black"
"ASV1649",97,5008,"darkgoldenrod1","black"
"ASV1650",6,202,"black","black"
"ASV1651",1,9,"black","black"
"ASV1652",3,202,"black","black"
"ASV1653",7,176,"black","black"
"ASV1654",1,15,"black","black"
"ASV1655",1,7,"black","slateblue1"
"ASV1656",1,9,"black","black"
"ASV1657",5,80,"black","black"
"ASV1658",3,37,"black","black"
"ASV1659",1,5,"black","black"
"ASV1660",2,17,"black","slateblue1"
"ASV1661",1,4,"black","slateblue1"
"ASV1662",1,25,"black","slateblue1"
"ASV1663",1,7,"black","black"
"ASV1664",1,9,"black","black"
"ASV1665",1,21,"black","black"
"ASV1666",5,113,"black","black"
"ASV1667",2,24,"black","black"
"ASV1668",2,13,"black","black"
"ASV1669",1,3,"black","slateblue1"
"ASV1670",2,21,"black","slateblue1"
"ASV1671",3,29,"black","black"
"ASV1672",3,38,"black","black"
"ASV1673",1,4,"black","slateblue1"
"ASV1674",1,12,"black","slateblue1"
"ASV1675",1,5,"black","black"
"ASV1676",1,6,"black","slateblue1"
"ASV1677",4,162,"black","slateblue1"
"ASV1678",1,5,"black","black"
"ASV1679",1,16,"black","black"
"ASV1680",7,455,"darkgoldenrod1","black"
"ASV1681",1,3,"black","black"
"ASV1682",1,16,"black","slateblue1"
"ASV1683",31,1585,"darkgoldenrod1","black"
"ASV1684",1,24,"black","black"
"ASV1685",5,168,"black","black"
"ASV1686",2,53,"black","black"
"ASV1687",1,13,"black","black"
"ASV1688",1,6,"black","black"
"ASV1689",1,7,"black","slateblue1"
"ASV1690",1,12,"black","black"
"ASV1691",6,287,"black","black"
"ASV1692",22,884,"black","black"
"ASV1693",2,55,"black","black"
"ASV1694",1,13,"black","black"
"ASV1695",1,3,"black","slateblue1"
"ASV1696",1,3,"black","slateblue1"
"ASV1697",16,878,"black","black"
"ASV1698",1,3,"black","slateblue1"
"ASV1699",1,3,"black","slateblue1"
"ASV1700",52,9000,"darkgoldenrod1","black"
"ASV1701",1,57,"black","black"
"ASV1702",6,451,"black","black"
"ASV1703",10,318,"black","black"
"ASV1704",3,296,"black","black"
"ASV1705",1,184,"black","slateblue1"
"ASV1706",7,523,"black","black"
"ASV1707",8,152,"black","black"
"ASV1708",5,154,"black","black"
"ASV1709",1,4,"black","slateblue1"
"ASV1710",1,7,"black","slateblue1"
"ASV1711",49,2970,"darkgoldenrod1","black"
"ASV1712",5,40,"black","black"
"ASV1713",1,8,"black","slateblue1"
"ASV1714",1,6,"black","slateblue1"
"ASV1715",1,11,"black","black"
"ASV1716",1,10,"black","slateblue1"
"ASV1717",1,19,"black","slateblue1"
"ASV1718",1,6,"black","slateblue1"
"ASV1719",1,11,"black","slateblue1"
"ASV1720",98,3797,"darkgoldenrod1","black"
"ASV1721",2,23,"black","slateblue1"
"ASV1722",1,16,"black","slateblue1"
"ASV1723",8,291,"black","black"
"ASV1724",1,9,"black","black"
"ASV1725",1,21,"black","slateblue1"
"ASV1726",1,43,"black","black"
"ASV1727",2,173,"black","black"
"ASV1728",49,3429,"darkgoldenrod1","black"
"ASV1729",1,42,"black","slateblue1"
"ASV1730",3,22,"black","black"
"ASV1731",2,30,"black","slateblue1"
"ASV1732",1,20,"black","slateblue1"
"ASV1733",19,562,"black","black"
"ASV1734",22,983,"black","black"
"ASV1735",4,36,"black","black"
"ASV1736",1,10,"black","slateblue1"
"ASV1737",1,73,"black","slateblue1"
"ASV1738",3,29,"black","slateblue1"
"ASV1739",34,423,"darkgoldenrod1","black"
"ASV1740",1,5,"black","slateblue1"
"ASV1741",26,1569,"darkgoldenrod1","black"
"ASV1742",7,1014,"darkgoldenrod1","black"
"ASV1743",1,28,"black","slateblue1"
"ASV1744",1,115,"black","slateblue1"
"ASV1745",1,9,"black","slateblue1"
"ASV1746",1,15,"black","black"
"ASV1747",3,41,"black","black"
"ASV1748",1,18,"black","slateblue1"
"ASV1749",83,3340,"darkgoldenrod1","black"
"ASV1750",1,3,"black","slateblue1"
"ASV1751",8,124,"black","black"
"ASV1752",26,1786,"black","black"
"ASV1753",4,102,"black","black"
"ASV1754",14,62,"black","black"
"ASV1755",7,121,"black","black"
"ASV1756",1,15,"black","slateblue1"
"ASV1757",1,15,"black","slateblue1"
"ASV1758",9,399,"black","black"
"ASV1759",2,21,"black","black"
"ASV1760",3,21,"black","black"
"ASV1761",1,4,"black","black"
"ASV1762",35,1676,"black","black"
"ASV1763",1,13,"black","slateblue1"
"ASV1764",1,14,"black","black"
"ASV1765",1,19,"black","slateblue1"
"ASV1766",1,3,"black","slateblue1"
"ASV1767",38,2664,"darkgoldenrod1","black"
"ASV1768",10,398,"black","black"
"ASV1769",1,23,"black","black"
"ASV1770",9,68,"black","black"
"ASV1771",1,11,"black","slateblue1"
"ASV1772",1,59,"black","slateblue1"
"ASV1773",1,27,"black","slateblue1"
"ASV1774",19,861,"darkgoldenrod1","black"
"ASV1775",319,24430,"darkgoldenrod1","black"
"ASV1776",1,12,"black","slateblue1"
"ASV1777",1,7,"black","slateblue1"
"ASV1778",1,17,"black","black"
"ASV1779",23,1002,"darkgoldenrod1","black"
"ASV1780",20,772,"darkgoldenrod1","black"
"ASV1781",20,809,"darkgoldenrod1","black"
"ASV1782",2,44,"black","black"
"ASV1783",5,493,"black","slateblue1"
"ASV1784",4,96,"black","black"
"ASV1785",21,946,"black","black"
"ASV1786",1,18,"black","slateblue1"
"ASV1787",2,51,"black","black"
"ASV1788",1,143,"black","black"
"ASV1789",1,3,"black","slateblue1"
"ASV1790",1,8,"black","slateblue1"
"ASV1791",1,3,"black","slateblue1"
"ASV1792",1,21,"black","slateblue1"
"ASV1793",1,3,"black","black"
"ASV1794",1,9,"black","black"
"ASV1795",1,5,"black","slateblue1"
"ASV1796",1,4,"black","slateblue1"
"ASV1797",1,6,"black","slateblue1"
"ASV1798",3,60,"black","black"
"ASV1799",23,970,"darkgoldenrod1","black"
"ASV1800",8,82,"black","black"
"ASV1801",1,11,"black","slateblue1"
"ASV1802",17,1224,"black","black"
"ASV1803",2,50,"black","black"
"ASV1804",1,17,"black","slateblue1"
"ASV1805",13,688,"black","black"
"ASV1806",9,580,"black","black"
"ASV1807",11,598,"black","slateblue1"
"ASV1808",8,346,"black","black"
"ASV1809",9,248,"black","black"
"ASV1810",1,21,"black","black"
"ASV1811",1,8,"black","slateblue1"
"ASV1812",9,306,"black","black"
"ASV1813",2,23,"black","black"
"ASV1814",2,55,"black","black"
"ASV1815",1,19,"black","black"
"ASV1816",12,667,"black","black"
"ASV1817",6,225,"darkgoldenrod1","black"
"ASV1818",5,215,"black","black"
"ASV1819",1,40,"black","slateblue1"
"ASV1820",9,367,"darkgoldenrod1","black"
"ASV1821",5,218,"black","black"
"ASV1822",3,66,"black","slateblue1"
"ASV1823",1,8,"black","slateblue1"
"ASV1824",1,4,"black","slateblue1"
"ASV1825",1,6,"black","slateblue1"
"ASV1826",1,3,"black","slateblue1"
"ASV1827",2,7,"black","black"
"ASV1828",1,3,"black","slateblue1"
"ASV1829",4,640,"black","black"
"ASV1830",1,106,"black","black"
"ASV1831",1,5,"black","slateblue1"
"ASV1832",1,7,"black","slateblue1"
"ASV1833",1,64,"black","black"
"ASV1834",1,52,"black","black"
"ASV1835",1,35,"black","black"
"ASV1836",9,407,"black","black"
"ASV1837",6,743,"black","black"
"ASV1838",2,76,"black","slateblue1"
"ASV1839",2,102,"black","black"
"ASV1840",1,41,"black","black"
"ASV1841",2,144,"black","slateblue1"
"ASV1842",1,34,"black","black"
"ASV1843",6,330,"black","black"
"ASV1844",160,55555,"darkgoldenrod1","black"
"ASV1845",1,22,"black","slateblue1"
"ASV1846",12,1934,"black","black"
"ASV1847",1,82,"black","slateblue1"
"ASV1848",1,43,"black","slateblue1"
"ASV1849",333,81684,"darkgoldenrod1","black"
"ASV1850",13,455,"black","slateblue1"
"ASV1851",509,228221,"darkgoldenrod1","black"
"ASV1852",1,331,"black","black"
"ASV1853",1,67,"black","slateblue1"
"ASV1854",1,101,"black","black"
"ASV1855",1,17,"black","slateblue1"
"ASV1856",184,56812,"darkgoldenrod1","black"
"ASV1857",1,47,"black","slateblue1"
"ASV1858",1,27,"black","slateblue1"
"ASV1859",1,37,"black","slateblue1"
"ASV1860",1,27,"black","black"
"ASV1861",1,47,"black","slateblue1"
"ASV1862",1,15,"black","slateblue1"
"ASV1863",1,24,"black","slateblue1"
"ASV1864",1,19,"black","slateblue1"
"ASV1865",1,86,"black","slateblue1"
"ASV1866",1,16,"black","slateblue1"
"ASV1867",1,3,"black","slateblue1"
"ASV1868",1,3,"black","slateblue1"
"ASV1869",1,6,"black","slateblue1"
"ASV1870",1,18,"black","slateblue1"
"ASV1871",1,15,"black","slateblue1"
"ASV1872",1,10,"black","slateblue1"
"ASV1873",1,10,"black","slateblue1"
"ASV1874",1,3,"black","slateblue1"
"ASV1875",1,29,"black","slateblue1"
"ASV1876",1,15,"black","slateblue1"
"ASV1877",1,6,"black","slateblue1"
"ASV1878",1,3,"black","slateblue1"
"ASV1879",1,3,"black","slateblue1"
"ASV1880",1,18,"black","slateblue1"
"ASV1881",1,12,"black","slateblue1"
"ASV1882",1,13,"black","slateblue1"
"ASV1883",1,4,"black","slateblue1"
"ASV1884",1,5,"black","slateblue1"
"ASV1885",1,10,"black","slateblue1"
"ASV1886",1,5,"black","slateblue1"
"ASV1887",1,5,"black","slateblue1"
"ASV1888",1,3,"black","slateblue1"
"ASV1889",1,3,"black","slateblue1"
"ASV1890",1,4,"black","slateblue1"
"ASV1891",1,3,"black","slateblue1"
"ASV1892",1,8,"black","slateblue1"
"ASV1893",1,6,"black","slateblue1"
"ASV1894",1,14,"black","slateblue1"
"ASV1895",1,3,"black","slateblue1"
"ASV1896",1,3,"black","slateblue1"
"ASV1897",1,3,"black","black"
"ASV1898",1,4,"black","slateblue1"
"ASV1899",1,3,"black","slateblue1"
"ASV1900",1,4,"black","slateblue1"
"ASV1901",1,10,"black","slateblue1"
"ASV1902",1,10,"black","slateblue1"
"ASV1903",1,7,"black","slateblue1"
"ASV1904",1,9,"black","slateblue1"
"ASV1905",1,3,"black","slateblue1"
"ASV1906",1,3,"black","slateblue1"
"ASV1907",1,3,"black","black"
"ASV1908",1,3,"black","black"
"ASV1909",1,3,"black","black"
"ASV1910",1,5,"black","black"
"ASV1911",1,5,"black","black"
"ASV1912",1,10,"black","slateblue1"
"ASV1913",1,11,"black","slateblue1"
"ASV1914",1,2,"black","slateblue1"
"ASV1915",1,2,"black","slateblue1"
"ASV1916",1,9,"black","black"
"ASV1917",1,4,"black","slateblue1"
"ASV1918",1,4,"black","slateblue1"
"ASV1919",1,3,"black","slateblue1"
"ASV1920",1,5,"black","slateblue1"
"ASV1921",1,7,"black","slateblue1"
"ASV1922",1,7,"black","slateblue1"
"ASV1923",1,31,"black","slateblue1"
"ASV1924",1,5,"black","slateblue1"
"ASV1925",1,6,"black","slateblue1"
"ASV1926",1,5,"black","slateblue1"
"ASV1927",1,7,"black","slateblue1"
"ASV1928",1,5,"black","slateblue1"
"ASV1929",1,4,"black","slateblue1"
"ASV1930",1,20,"black","slateblue1"
"ASV1931",1,9,"black","slateblue1"
"ASV1932",1,3,"black","slateblue1"
"ASV1933",1,6,"black","slateblue1"
"ASV1934",1,4,"black","slateblue1"
"ASV1935",1,3,"black","slateblue1"
"ASV1936",1,5,"black","slateblue1"
"ASV1937",1,3,"black","slateblue1"
"ASV1938",1,14,"black","slateblue1"
"ASV1939",1,5,"black","slateblue1"
"ASV1940",1,3,"black","black"
"ASV1941",1,3,"black","slateblue1"
"ASV1942",1,3,"black","slateblue1"
"ASV1943",1,9,"black","slateblue1"
"ASV1944",2,377,"black","black"
"ASV1945",5,1285,"black","black"
"ASV1946",1,101,"black","black"
"ASV1947",127,25054,"darkgoldenrod1","black"
"ASV1948",4,328,"black","black"
"ASV1949",2,118,"black","black"
"ASV1950",1,49,"black","slateblue1"
"ASV1951",30,11554,"black","black"
"ASV1952",492,153032,"darkgoldenrod1","black"
"ASV1953",124,16595,"darkgoldenrod1","black"
"ASV1954",1,38,"black","slateblue1"
"ASV1955",1,24,"black","slateblue1"
"ASV1956",11,1321,"black","black"
"ASV1957",1,34,"black","slateblue1"
"ASV1958",34,6173,"darkgoldenrod1","black"
"ASV1959",1,40,"black","slateblue1"
"ASV1960",1,36,"black","slateblue1"
"ASV1961",204,68881,"darkgoldenrod1","black"
"ASV1962",8,300,"black","black"
"ASV1963",1,77,"black","slateblue1"
"ASV1964",1,36,"black","slateblue1"
"ASV1965",1,53,"black","slateblue1"
"ASV1966",1,14,"black","slateblue1"
"ASV1967",1,16,"black","slateblue1"
"ASV1968",1,28,"black","slateblue1"
"ASV1969",1,58,"black","slateblue1"
"ASV1970",106,17620,"darkgoldenrod1","black"
"ASV1971",1,43,"black","slateblue1"
"ASV1972",1,30,"black","black"
"ASV1973",1,55,"black","slateblue1"
