,sample_count,asv_abundance,soil_host_core_color,host_spec_color
ASV1,1,4,black,slateblue1
ASV2,1,8,black,slateblue1
ASV3,1,6,black,slateblue1
ASV4,1,17,black,slateblue1
ASV5,1,12,black,black
ASV6,1,3,black,black
ASV7,1,5,black,slateblue1
ASV8,1,10,black,slateblue1
ASV9,1,7,black,slateblue1
ASV10,1,11,black,slateblue1
ASV11,1,4,black,slateblue1
ASV12,1,5,black,slateblue1
ASV13,1,3,black,black
ASV14,6,114,black,slateblue1
ASV15,1,49,black,slateblue1
ASV16,1,22,black,slateblue1
ASV17,1,6,black,slateblue1
ASV18,1,7,black,slateblue1
ASV19,1,13,black,slateblue1
ASV20,1,3,black,slateblue1
ASV21,1,5,black,slateblue1
ASV22,1,8,black,slateblue1
ASV23,1,9,black,slateblue1
ASV24,1,6,black,slateblue1
ASV25,1,6,black,slateblue1
ASV26,1,5,black,slateblue1
ASV27,38,3968,black,black
ASV28,1,8,black,slateblue1
ASV29,13,1011,black,slateblue1
ASV30,1,3,black,slateblue1
ASV31,1,3,black,slateblue1
ASV32,1,3,black,black
ASV33,1,3,black,slateblue1
ASV34,1,3,black,slateblue1
ASV35,1,3,black,slateblue1
ASV36,1,14,black,black
ASV37,739,32182,darkgoldenrod1,black
ASV38,1,38,black,slateblue1
ASV39,1,8,black,slateblue1
ASV40,1,14,black,black
ASV41,1,6,black,slateblue1
ASV42,1,182,black,slateblue1
ASV43,1,43,black,slateblue1
ASV44,15,69,black,black
ASV45,1,15,black,slateblue1
ASV46,1,3,black,black
ASV47,1,4,black,slateblue1
ASV48,1,3,black,black
ASV49,1,3,black,slateblue1
ASV50,1,7,black,slateblue1
ASV51,1,5,black,slateblue1
ASV52,1,3,black,slateblue1
ASV53,1,4,black,black
ASV54,1,5,black,slateblue1
ASV55,1,8,black,slateblue1
ASV56,1,3,black,slateblue1
ASV57,1,2,black,slateblue1
ASV58,1,3,black,black
ASV59,1,3,black,slateblue1
ASV60,1,3,black,slateblue1
ASV61,1,3,black,slateblue1
ASV62,1,27,black,slateblue1
ASV63,1,3,black,black
ASV64,1,10,black,slateblue1
ASV65,2,28,black,black
ASV66,1,11,black,black
ASV67,1,7,black,slateblue1
ASV68,1,9,black,black
ASV69,1,6,black,slateblue1
ASV70,1,17,black,slateblue1
ASV71,1,9,black,black
ASV72,5,112,black,black
ASV73,1,10,black,black
ASV74,5,37,black,black
ASV75,1,12,black,slateblue1
ASV76,2,30,black,black
ASV77,1,14,black,black
ASV78,13,149,darkgoldenrod1,black
ASV79,2,15,black,black
ASV80,1,6,black,black
ASV81,1,8,black,slateblue1
ASV82,1,6,black,slateblue1
ASV83,12,490,black,black
ASV84,1,16,black,black
ASV85,16,302,black,black
ASV86,4,50,black,slateblue1
ASV87,5,82,black,black
ASV88,63,1258,darkgoldenrod1,black
ASV89,18,236,darkgoldenrod1,black
ASV90,2,35,black,slateblue1
ASV91,1,6,black,black
ASV92,24,618,black,black
ASV93,10,108,black,black
ASV94,3,29,black,black
ASV95,1,7,black,black
ASV96,3,76,black,black
ASV97,1,15,black,slateblue1
ASV98,1,7,black,slateblue1
ASV99,3,37,black,black
ASV100,26,166,darkgoldenrod1,black
ASV101,1,7,black,black
ASV102,9,53,black,black
ASV103,1,5,black,black
ASV104,1,10,black,black
ASV105,1,3,black,black
ASV106,7,15,black,black
ASV107,1,3,black,slateblue1
ASV108,1,4,black,black
ASV109,3,7,black,slateblue1
ASV110,1,4,black,slateblue1
ASV111,1,3,black,slateblue1
ASV112,29,222,darkgoldenrod1,black
ASV113,5,38,black,slateblue1
ASV114,2,6,black,slateblue1
ASV115,1,2,black,slateblue1
ASV116,2,5,black,slateblue1
ASV117,1,2,black,black
ASV118,2,6,black,black
ASV119,2,6,black,black
ASV120,1,2,black,slateblue1
ASV121,1,14,black,black
ASV122,4,141,black,black
ASV123,3,61,black,black
ASV124,1,12,black,black
ASV125,3,70,black,black
ASV126,3,32,black,black
ASV127,7,307,black,black
ASV128,1,58,black,slateblue1
ASV129,1,50,black,slateblue1
ASV130,1,7,black,black
ASV131,1,11,black,black
ASV132,1,10,black,slateblue1
ASV133,1,8,black,black
ASV134,1,19,black,black
ASV135,3,49,black,black
ASV136,16,209,black,black
ASV137,35,890,darkgoldenrod1,black
ASV138,1,65,black,slateblue1
ASV139,2,68,black,black
ASV140,2,43,black,slateblue1
ASV141,1,24,black,black
ASV142,1,5,black,slateblue1
ASV143,54,1343,darkgoldenrod1,black
ASV144,1,26,black,black
ASV145,1,18,black,black
ASV146,1,26,black,slateblue1
ASV147,4,70,black,black
ASV148,3,47,black,black
ASV149,1,48,black,slateblue1
ASV150,1,12,black,slateblue1
ASV151,1,2,black,slateblue1
ASV152,1,10,black,slateblue1
ASV153,1,9,black,slateblue1
ASV154,1,7,black,slateblue1
ASV155,4,69,black,black
ASV156,20,560,black,black
ASV157,1,16,black,black
ASV158,4,44,black,black
ASV159,3,38,black,black
ASV160,2,30,black,black
ASV161,1,13,black,slateblue1
ASV162,1,9,black,slateblue1
ASV163,2,76,black,black
ASV164,1,24,black,black
ASV165,1,15,black,black
ASV166,2,56,black,slateblue1
ASV167,4,54,black,black
ASV168,1,7,black,slateblue1
ASV169,1,10,black,black
ASV170,1,8,black,black
ASV171,1,11,black,slateblue1
ASV172,1,16,black,black
ASV173,1,25,black,black
ASV174,1,10,black,slateblue1
ASV175,2,28,black,black
ASV176,1,8,black,slateblue1
ASV177,2,11,black,black
ASV178,3,46,black,black
ASV179,1,2,black,slateblue1
ASV180,2,29,black,black
ASV181,1,7,black,slateblue1
ASV182,1,2,black,slateblue1
ASV183,1,2,black,slateblue1
ASV184,1,4,black,slateblue1
ASV185,1,4,black,slateblue1
ASV186,1,3,black,slateblue1
ASV187,1,2,black,slateblue1
ASV188,1,15,black,slateblue1
ASV189,2,25,black,black
ASV190,35,1176,black,black
ASV191,1,2,black,black
ASV192,7,52,black,black
ASV193,1,10,black,slateblue1
ASV194,1,7,black,black
ASV195,2,9,black,slateblue1
ASV196,1,11,black,slateblue1
ASV197,4,41,black,black
ASV198,1,10,black,black
ASV199,1,9,black,slateblue1
ASV200,1,13,black,slateblue1
ASV201,41,477,darkgoldenrod1,black
ASV202,1,7,black,slateblue1
ASV203,1,8,black,slateblue1
ASV204,7,115,black,slateblue1
ASV205,1,10,black,slateblue1
ASV206,1,93,black,slateblue1
ASV207,1,8,black,slateblue1
ASV208,164,6675,darkgoldenrod1,black
ASV209,1,19,black,slateblue1
ASV210,1,13,black,slateblue1
ASV211,1,8,black,slateblue1
ASV212,1,8,black,slateblue1
ASV213,13,191,black,black
ASV214,1,10,black,slateblue1
ASV215,41,421,darkgoldenrod1,black
ASV216,1,4,black,slateblue1
ASV217,1,3,black,slateblue1
ASV218,1,8,black,slateblue1
ASV219,1,27,black,slateblue1
ASV220,1,11,black,slateblue1
ASV221,6,74,black,black
ASV222,11,116,darkgoldenrod1,black
ASV223,5,72,black,black
ASV224,31,431,black,black
ASV225,1,27,black,slateblue1
ASV226,2,26,black,black
ASV227,1,13,black,black
ASV228,1,8,black,black
ASV229,6,85,black,slateblue1
ASV230,5,54,black,black
ASV231,1,23,black,black
ASV232,106,3050,darkgoldenrod1,black
ASV233,8,279,black,black
ASV234,2,19,black,black
ASV235,1,26,black,slateblue1
ASV236,36,767,darkgoldenrod1,black
ASV237,1,6,black,slateblue1
ASV238,1,34,black,slateblue1
ASV239,3,59,black,black
ASV240,1,17,black,slateblue1
ASV241,22,265,darkgoldenrod1,black
ASV242,1,11,black,slateblue1
ASV243,1,9,black,slateblue1
ASV244,6,53,black,black
ASV245,1,9,black,slateblue1
ASV246,28,867,darkgoldenrod1,black
ASV247,2,40,black,black
ASV248,8,142,black,black
ASV249,4,62,black,black
ASV250,1,13,black,black
ASV251,1,16,black,black
ASV252,1,14,black,black
ASV253,1,62,black,black
ASV254,1,31,black,black
ASV255,4,119,black,black
ASV256,1,14,black,black
ASV257,27,1057,darkgoldenrod1,black
ASV258,1,24,black,black
ASV259,2,57,black,black
ASV260,2,21,black,black
ASV261,11,96,black,black
ASV262,1,16,black,black
ASV263,1,10,black,slateblue1
ASV264,7,87,black,black
ASV265,1,17,black,black
ASV266,1,8,black,slateblue1
ASV267,2,10,black,slateblue1
ASV268,1,4,black,slateblue1
ASV269,1,8,black,slateblue1
ASV270,3,10,black,slateblue1
ASV271,1,2,black,slateblue1
ASV272,1,9,black,slateblue1
ASV273,1,2,black,slateblue1
ASV274,4,28,black,slateblue1
ASV275,6,19,black,slateblue1
ASV276,1,5,black,black
ASV277,1,7,black,black
ASV278,2,4,black,slateblue1
ASV279,3,8,black,black
ASV280,5,37,black,black
ASV281,2,5,black,slateblue1
ASV282,1,6,black,slateblue1
ASV283,1,8,black,black
ASV284,1,2,black,slateblue1
ASV285,1,9,black,black
ASV286,1,3,black,black
ASV287,1,15,black,slateblue1
ASV288,1,2,black,black
ASV289,1,5,black,slateblue1
ASV290,1,2,black,slateblue1
ASV291,1,4,black,slateblue1
ASV292,1,2,black,slateblue1
ASV293,1,2,black,black
ASV294,1,19,black,slateblue1
ASV295,1,2,black,slateblue1
ASV296,1,5,black,black
ASV297,1,9,black,black
ASV298,1,3,black,slateblue1
ASV299,1,10,black,black
ASV300,1,110,black,black
ASV301,1,2,black,slateblue1
ASV302,1,25,black,slateblue1
ASV303,1,5,black,slateblue1
ASV304,1,7,black,slateblue1
ASV305,1,4,black,slateblue1
ASV306,1,4,black,slateblue1
ASV307,6,16,black,black
ASV308,8,20,black,black
ASV309,1,3,black,slateblue1
ASV310,1,3,black,slateblue1
ASV311,1,7,black,slateblue1
ASV312,1,11,black,black
ASV313,1,4,black,slateblue1
ASV314,1,9,black,slateblue1
ASV315,1,2,black,slateblue1
ASV316,1,3,black,slateblue1
ASV317,1,4,black,slateblue1
ASV318,1,2,black,slateblue1
ASV319,1,4,black,slateblue1
ASV320,1,3,black,slateblue1
ASV321,1,7,black,slateblue1
ASV322,1,11,black,slateblue1
ASV323,1,2,black,black
ASV324,1,3,black,black
ASV325,1,3,black,slateblue1
ASV326,1,4,black,slateblue1
ASV327,1,3,black,slateblue1
ASV328,1,4,black,slateblue1
ASV329,3,24,black,black
ASV330,12,1269,black,black
ASV331,1,12,black,slateblue1
ASV332,5,18,black,slateblue1
ASV333,1,5,black,slateblue1
ASV334,1,22,black,slateblue1
ASV335,5,18,black,black
ASV336,1,3,black,slateblue1
ASV337,1,3,black,slateblue1
ASV338,2,5,black,black
ASV339,1,3,black,slateblue1
ASV340,1,3,black,slateblue1
ASV341,1,4,black,black
ASV342,3,26,black,black
ASV343,1,8,black,slateblue1
ASV344,1,10,black,slateblue1
ASV345,1,2,black,slateblue1
ASV346,1,22,black,slateblue1
ASV347,2,28,black,black
ASV348,2,419,black,slateblue1
ASV349,1,31,black,black
ASV350,12,1223,black,black
ASV351,1,26,black,slateblue1
ASV352,16,1187,black,black
ASV353,12,722,black,slateblue1
ASV354,1,19,black,slateblue1
ASV355,1,10,black,slateblue1
ASV356,1,164,black,black
ASV357,1,76,black,black
ASV358,1,63,black,slateblue1
ASV359,1,10,black,black
ASV360,1,22,black,slateblue1
ASV361,1,161,black,slateblue1
ASV362,1,41,black,slateblue1
ASV363,1,119,black,black
ASV364,1,383,black,black
ASV365,1,2,black,black
ASV366,1,96,black,black
ASV367,2,28,black,black
ASV368,549,169407,darkgoldenrod1,black
ASV369,1,198,black,black
ASV370,118,2053,black,black
ASV371,1,35,black,black
ASV372,153,22120,darkgoldenrod1,black
ASV373,1,28,black,slateblue1
ASV374,1,17,black,slateblue1
ASV375,1,58,black,slateblue1
ASV376,1,75,black,slateblue1
ASV377,1,74,black,slateblue1
ASV378,433,17752,darkgoldenrod1,black
ASV379,6,555,black,black
ASV380,39,5231,black,black
ASV381,1,8,black,slateblue1
ASV382,52,12319,black,black
ASV383,381,12483,darkgoldenrod1,black
ASV384,1,55,black,slateblue1
ASV385,1,5,black,slateblue1
ASV386,1,12,black,slateblue1
ASV387,1,125,black,slateblue1
ASV388,1,166,black,slateblue1
ASV389,1,8,black,slateblue1
ASV390,1,76,black,black
ASV391,1,57,black,black
ASV392,539,115075,darkgoldenrod1,black
ASV393,1,19,black,slateblue1
ASV394,1,42,black,slateblue1
ASV395,1,31,black,slateblue1
ASV396,1,18,black,slateblue1
ASV397,1,79,black,slateblue1
ASV398,119,79949,darkgoldenrod1,black
ASV399,1,40,black,slateblue1
ASV400,1,14,black,slateblue1
ASV401,2,27,black,black
ASV402,33,15979,darkgoldenrod1,black
ASV403,17,95,darkgoldenrod1,black
ASV404,1,2,black,slateblue1
ASV405,1,2,black,black
ASV406,42,160,black,black
ASV407,1,3,black,slateblue1
ASV408,1,4,black,slateblue1
ASV409,1,6,black,slateblue1
ASV410,1,3,black,slateblue1
ASV411,1,4,black,slateblue1
ASV412,1,8,black,slateblue1
ASV413,1,7,black,slateblue1
ASV414,2,4,black,black
ASV415,1,3,black,black
ASV416,1,3,black,slateblue1
ASV417,1,9,black,slateblue1
ASV418,1,6,black,slateblue1
ASV419,1,5,black,black
ASV420,1,5,black,slateblue1
ASV421,1,6,black,slateblue1
ASV422,1,3,black,black
ASV423,1,7,black,slateblue1
ASV424,1,5,black,slateblue1
ASV425,1,4,black,slateblue1
ASV426,1,6,black,slateblue1
ASV427,1,4,black,slateblue1
ASV428,1,15,black,slateblue1
ASV429,1,6,black,slateblue1
ASV430,1,3,black,slateblue1
ASV431,3,22,black,slateblue1
ASV432,1,9,black,slateblue1
ASV433,1,5,black,slateblue1
ASV434,1,13,black,slateblue1
ASV435,1,5,black,slateblue1
ASV436,1,10,black,slateblue1
ASV437,1,5,black,slateblue1
ASV438,3,79,black,slateblue1
ASV439,1,11,black,slateblue1
ASV440,63,1110,darkgoldenrod1,black
ASV441,1,13,black,slateblue1
ASV442,1,8,black,slateblue1
ASV443,6,87,black,black
ASV444,1,3,black,slateblue1
ASV445,3,112,black,black
ASV446,1,3,black,slateblue1
ASV447,1,3,black,slateblue1
ASV448,9,145,black,black
ASV449,1,8,black,black
ASV450,1,16,black,slateblue1
ASV451,13,152,black,black
ASV452,1,13,black,slateblue1
ASV453,150,5597,darkgoldenrod1,black
ASV454,1,8,black,slateblue1
ASV455,1,8,black,black
ASV456,1,6,black,slateblue1
ASV457,1,8,black,black
ASV458,1,5,black,black
ASV459,1,10,black,slateblue1
ASV460,1,20,black,black
ASV461,1,10,black,black
ASV462,12,258,black,black
ASV463,11,231,black,black
ASV464,1,11,black,slateblue1
ASV465,2,20,black,slateblue1
ASV466,1,4,black,slateblue1
ASV467,19,200,black,black
ASV468,1,10,black,slateblue1
ASV469,1,40,black,slateblue1
ASV470,1,21,black,black
ASV471,92,4572,darkgoldenrod1,black
ASV472,1,51,black,slateblue1
ASV473,1,33,black,slateblue1
ASV474,1,7,black,slateblue1
ASV475,1,3,black,black
ASV476,1,3,black,slateblue1
ASV477,1,22,black,slateblue1
ASV478,1,16,black,slateblue1
ASV479,1,3,black,slateblue1
ASV480,1,5,black,slateblue1
ASV481,1,8,black,slateblue1
ASV482,1,6,black,slateblue1
ASV483,1,3,black,slateblue1
ASV484,1,2,black,slateblue1
ASV485,1,3,black,black
ASV486,1,10,black,slateblue1
ASV487,1,6,black,black
ASV488,1,2,black,slateblue1
ASV489,1,4,black,slateblue1
ASV490,5,46,black,black
ASV491,1,7,black,slateblue1
ASV492,1,10,black,slateblue1
ASV493,3,34,black,black
ASV494,1,11,black,black
ASV495,1,21,black,slateblue1
ASV496,1,11,black,slateblue1
ASV497,1,5,black,slateblue1
ASV498,12,137,black,black
ASV499,1,8,black,black
ASV500,1,3,black,black
ASV501,1,11,black,black
ASV502,1,6,black,slateblue1
ASV503,1,11,black,slateblue1
ASV504,16,2623,black,slateblue1
ASV505,1,5,black,slateblue1
ASV506,1,35,black,slateblue1
ASV507,9,1851,black,slateblue1
ASV508,9,2204,black,slateblue1
ASV509,1,4,black,slateblue1
ASV510,1,9,black,slateblue1
ASV511,2,393,black,slateblue1
ASV512,2,626,black,slateblue1
ASV513,1,8,black,slateblue1
ASV514,1,3,black,slateblue1
ASV515,1,8,black,slateblue1
ASV516,1,4,black,slateblue1
ASV517,19,923,black,black
ASV518,1,5,black,slateblue1
ASV519,55,16380,black,black
ASV520,1,38,black,slateblue1
ASV521,1,42,black,slateblue1
ASV522,1,141,black,slateblue1
ASV523,1,10,black,slateblue1
ASV524,1,3,black,slateblue1
ASV525,1,4,black,slateblue1
ASV526,1,8,black,slateblue1
ASV527,2,41,black,black
ASV528,1,35,black,slateblue1
ASV529,1,6,black,slateblue1
ASV530,1,38,black,slateblue1
ASV531,1,6,black,slateblue1
ASV532,1,24,black,slateblue1
ASV533,1,29,black,slateblue1
ASV534,24,674,black,black
ASV535,1,9,black,slateblue1
ASV536,1,20,black,slateblue1
ASV537,1,7,black,slateblue1
ASV538,1,3,black,black
ASV539,1,15,black,slateblue1
ASV540,14,141,black,black
ASV541,1,3,black,slateblue1
ASV542,11,345,black,slateblue1
ASV543,1,12,black,slateblue1
ASV544,1,342,black,slateblue1
ASV545,1,32,black,slateblue1
ASV546,1,9,black,slateblue1
ASV547,5,53,black,slateblue1
ASV548,1,174,black,slateblue1
ASV549,5,81,black,slateblue1
ASV550,2,287,black,slateblue1
ASV551,3,416,black,slateblue1
ASV552,1,15,black,slateblue1
ASV553,1,49,black,slateblue1
ASV554,1,27,black,slateblue1
ASV555,1,3,black,slateblue1
ASV556,18,761,black,slateblue1
ASV557,1,20,black,slateblue1
ASV558,26,467,black,black
ASV559,1,10,black,slateblue1
ASV560,1,20,black,slateblue1
ASV561,1,14,black,slateblue1
ASV562,1,26,black,slateblue1
ASV563,111,18617,black,black
ASV564,12,2077,black,black
ASV565,52,20460,black,slateblue1
ASV566,6,733,black,black
ASV567,3,959,black,slateblue1
ASV568,1,24,black,black
ASV569,1,8,black,black
ASV570,1,6,black,slateblue1
ASV571,1,3,black,slateblue1
ASV572,1,4,black,slateblue1
ASV573,1,4,black,slateblue1
ASV574,1,9,black,black
ASV575,2,19,black,black
ASV576,7,33,black,black
ASV577,4,43,black,black
ASV578,1,8,black,black
ASV579,1,3,black,slateblue1
ASV580,1,9,black,black
ASV581,2,19,black,black
ASV582,1,3,black,slateblue1
ASV583,3,23,black,black
ASV584,1,3,black,slateblue1
ASV585,1,3,black,black
ASV586,1,5,black,slateblue1
ASV587,1,11,black,slateblue1
ASV588,1,6,black,slateblue1
ASV589,1,5,black,slateblue1
ASV590,1,10,black,black
ASV591,1,5,black,black
ASV592,36,2005,darkgoldenrod1,black
ASV593,1,6,black,slateblue1
ASV594,1,12,black,slateblue1
ASV595,1,7,black,slateblue1
ASV596,2,25,black,black
ASV597,2,10,black,slateblue1
ASV598,1,6,black,slateblue1
ASV599,1,12,black,black
ASV600,1,5,black,black
ASV601,4,29,black,black
ASV602,1,25,black,slateblue1
ASV603,1,11,black,slateblue1
ASV604,1,9,black,slateblue1
ASV605,1,4,black,slateblue1
ASV606,1,5,black,slateblue1
ASV607,1,14,black,slateblue1
ASV608,42,520,darkgoldenrod1,black
ASV609,1,8,black,slateblue1
ASV610,1,10,black,slateblue1
ASV611,1,6,black,black
ASV612,8,80,black,black
ASV613,1,4,black,slateblue1
ASV614,6,63,black,black
ASV615,1,3,black,slateblue1
ASV616,1,10,black,black
ASV617,1,12,black,black
ASV618,1,107,black,black
ASV619,1,18,black,black
ASV620,10,363,black,black
ASV621,4,55,black,black
ASV622,1,9,black,black
ASV623,1,6,black,black
ASV624,18,132,black,black
ASV625,2,18,black,black
ASV626,1,3,black,slateblue1
ASV627,1,4,black,slateblue1
ASV628,1,3,black,black
ASV629,1,14,black,slateblue1
ASV630,32,610,darkgoldenrod1,black
ASV631,3,16,black,black
ASV632,1,21,black,slateblue1
ASV633,1,8,black,black
ASV634,1,24,black,slateblue1
ASV635,2,10,black,black
ASV636,1,3,black,slateblue1
ASV637,1,11,black,black
ASV638,1,15,black,slateblue1
ASV639,6,36,darkgoldenrod1,black
ASV640,11,126,black,black
ASV641,1,13,black,slateblue1
ASV642,7,55,black,black
ASV643,1,6,black,slateblue1
ASV644,1,10,black,slateblue1
ASV645,2,21,black,black
ASV646,1,11,black,slateblue1
ASV647,1,4,black,slateblue1
ASV648,3,28,black,black
ASV649,71,1159,black,black
ASV650,1,4,black,slateblue1
ASV651,1,5,black,black
ASV652,1,6,black,black
ASV653,4,31,black,slateblue1
ASV654,1,5,black,slateblue1
ASV655,1,4,black,black
ASV656,1,9,black,slateblue1
ASV657,1,4,black,slateblue1
ASV658,1,10,black,black
ASV659,1,7,black,slateblue1
ASV660,4,60,black,black
ASV661,1,9,black,black
ASV662,1,6,black,slateblue1
ASV663,3,35,black,black
ASV664,1,13,black,black
ASV665,1,7,black,slateblue1
ASV666,2,26,black,black
ASV667,1,12,black,slateblue1
ASV668,1,5,black,black
ASV669,1,11,black,slateblue1
ASV670,1,9,black,slateblue1
ASV671,1,5,black,slateblue1
ASV672,1,3,black,slateblue1
ASV673,1,5,black,black
ASV674,28,643,black,black
ASV675,1,4,black,black
ASV676,1,4,black,slateblue1
ASV677,1,7,black,slateblue1
ASV678,1,37,black,slateblue1
ASV679,4,31,black,slateblue1
ASV680,1,13,black,slateblue1
ASV681,25,782,black,black
ASV682,5,70,black,slateblue1
ASV683,1,33,black,slateblue1
ASV684,1,8,black,slateblue1
ASV685,2,22,black,slateblue1
ASV686,1,7,black,slateblue1
ASV687,1,10,black,black
ASV688,1,50,black,black
ASV689,1,85,black,black
ASV690,1,30,black,black
ASV691,9,178,black,black
ASV692,14,790,black,black
ASV693,1,47,black,slateblue1
ASV694,1,12,black,black
ASV695,1,15,black,slateblue1
ASV696,3,48,black,black
ASV697,6,105,black,slateblue1
ASV698,3,53,black,slateblue1
ASV699,8,188,black,black
ASV700,1,11,black,slateblue1
ASV701,1,30,black,slateblue1
ASV702,1,10,black,slateblue1
ASV703,1,15,black,slateblue1
ASV704,1,18,black,slateblue1
ASV705,1,21,black,slateblue1
ASV706,3,28,black,slateblue1
ASV707,3,78,black,black
ASV708,2,15,black,slateblue1
ASV709,8,115,black,black
ASV710,1,7,black,slateblue1
ASV711,1,3,black,slateblue1
ASV712,1,6,black,slateblue1
ASV713,1,6,black,slateblue1
ASV714,12,485,darkgoldenrod1,black
ASV715,2,27,black,black
ASV716,1,42,black,black
ASV717,1,58,black,slateblue1
ASV718,1,6,black,slateblue1
ASV719,1,14,black,slateblue1
ASV720,3,38,black,slateblue1
ASV721,1,26,black,slateblue1
ASV722,1,14,black,slateblue1
ASV723,21,632,black,black
ASV724,1,22,black,slateblue1
ASV725,1,19,black,slateblue1
ASV726,1,15,black,slateblue1
ASV727,1,16,black,slateblue1
ASV728,1,20,black,slateblue1
ASV729,2,65,black,black
ASV730,1,4,black,slateblue1
ASV731,1,3,black,slateblue1
ASV732,1,4,black,slateblue1
ASV733,3,142,black,black
ASV734,1,25,black,slateblue1
ASV735,7,623,black,black
ASV736,185,7132,darkgoldenrod1,black
ASV737,1,9,black,slateblue1
ASV738,1,15,black,black
ASV739,1,26,black,slateblue1
ASV740,1,15,black,slateblue1
ASV741,2,29,black,black
ASV742,4,35,black,black
ASV743,7,93,black,black
ASV744,1,16,black,slateblue1
ASV745,1,10,black,slateblue1
ASV746,1,25,black,slateblue1
ASV747,1,14,black,black
ASV748,5,150,black,black
ASV749,2,40,black,slateblue1
ASV750,1,8,black,slateblue1
ASV751,1,58,black,slateblue1
ASV752,1,9,black,slateblue1
ASV753,1,12,black,black
ASV754,1,19,black,slateblue1
ASV755,1,4,black,black
ASV756,2,16,black,black
ASV757,4,36,black,black
ASV758,11,139,black,black
ASV759,1,10,black,black
ASV760,1,5,black,black
ASV761,1,10,black,black
ASV762,1,22,black,slateblue1
ASV763,2,37,black,black
ASV764,2,61,black,black
ASV765,3,320,black,black
ASV766,9,282,black,black
ASV767,7,109,black,slateblue1
ASV768,1,28,black,slateblue1
ASV769,5,90,black,black
ASV770,1,2,black,slateblue1
ASV771,1,13,black,slateblue1
ASV772,6,77,black,black
ASV773,1,3,black,slateblue1
ASV774,1,8,black,black
ASV775,1,3,black,slateblue1
ASV776,1,8,black,slateblue1
ASV777,1,8,black,slateblue1
ASV778,3,63,black,black
ASV779,11,248,black,black
ASV780,15,528,black,slateblue1
ASV781,1,13,black,slateblue1
ASV782,1,14,black,slateblue1
ASV783,4,57,black,slateblue1
ASV784,1,22,black,black
ASV785,1,10,black,slateblue1
ASV786,1,3,black,black
ASV787,1,4,black,slateblue1
ASV788,1,25,black,slateblue1
ASV789,1,8,black,black
ASV790,5,114,black,slateblue1
ASV791,1,3,black,slateblue1
ASV792,1,72,black,black
ASV793,3,20,black,slateblue1
ASV794,2,106,black,black
ASV795,2,15,black,slateblue1
ASV796,1,21,black,black
ASV797,1,8,black,slateblue1
ASV798,1,5,black,slateblue1
ASV799,4,26,black,black
ASV800,2,13,black,slateblue1
ASV801,2,16,black,slateblue1
ASV802,1,12,black,slateblue1
ASV803,5,282,black,black
ASV804,1,13,black,black
ASV805,1,38,black,slateblue1
ASV806,2,21,black,black
ASV807,2,25,black,slateblue1
ASV808,3,89,black,slateblue1
ASV809,1,75,black,slateblue1
ASV810,1,89,black,slateblue1
ASV811,3,79,black,black
ASV812,1,3,black,slateblue1
ASV813,1,5,black,slateblue1
ASV814,1,7,black,slateblue1
ASV815,1,37,black,slateblue1
ASV816,1,5,black,slateblue1
ASV817,1,6,black,slateblue1
ASV818,1,3,black,slateblue1
ASV819,1,5,black,slateblue1
ASV820,3,40,black,slateblue1
ASV821,1,16,black,slateblue1
ASV822,1,30,black,slateblue1
ASV823,1,3,black,slateblue1
ASV824,1,4,black,slateblue1
ASV825,2,26,black,slateblue1
ASV826,1,3,black,slateblue1
ASV827,1,3,black,slateblue1
ASV828,1,12,black,slateblue1
ASV829,1,7,black,slateblue1
ASV830,11,106,black,black
ASV831,6,114,black,black
ASV832,1,17,black,slateblue1
ASV833,1,17,black,slateblue1
ASV834,10,109,black,black
ASV835,7,74,black,black
ASV836,9,287,black,black
ASV837,1,3,black,slateblue1
ASV838,1,24,black,slateblue1
ASV839,2,15,black,slateblue1
ASV840,4,30,black,black
ASV841,3,108,black,black
ASV842,1,4,black,black
ASV843,1,3,black,slateblue1
ASV844,2,13,black,black
ASV845,1,3,black,black
ASV846,2,14,black,slateblue1
ASV847,1,7,black,black
ASV848,2,22,black,black
ASV849,4,63,black,slateblue1
ASV850,1,9,black,slateblue1
ASV851,1,11,black,slateblue1
ASV852,1,14,black,slateblue1
ASV853,1,10,black,slateblue1
ASV854,1,3,black,slateblue1
ASV855,1,3,black,black
ASV856,1,4,black,black
ASV857,1,3,black,slateblue1
ASV858,1,15,black,slateblue1
ASV859,1,6,black,slateblue1
ASV860,1,4,black,slateblue1
ASV861,1,3,black,slateblue1
ASV862,2,12,black,black
ASV863,1,15,black,black
ASV864,1,5,black,black
ASV865,2,155,black,black
ASV866,1,21,black,black
ASV867,1,27,black,black
ASV868,1,6,black,slateblue1
ASV869,1,17,black,black
ASV870,3,43,black,black
ASV871,2,23,black,black
ASV872,4,50,black,black
ASV873,3,16,black,black
ASV874,1,17,black,slateblue1
ASV875,1,53,black,black
ASV876,2,57,black,black
ASV877,31,640,black,black
ASV878,1,8,black,black
ASV879,1,52,black,black
ASV880,2,56,black,black
ASV881,1,73,black,black
ASV882,1,75,black,black
ASV883,1,3,black,black
ASV884,27,884,darkgoldenrod1,black
ASV885,1,96,black,black
ASV886,1,5,black,black
ASV887,1,64,black,black
ASV888,1,5,black,slateblue1
ASV889,1,6,black,black
ASV890,1,40,black,black
ASV891,1,90,black,black
ASV892,1,12,black,slateblue1
ASV893,1,4,black,black
ASV894,1,3,black,slateblue1
ASV895,1,70,black,black
ASV896,1,4,black,slateblue1
ASV897,1,3,black,slateblue1
ASV898,1,4,black,slateblue1
ASV899,1,44,black,slateblue1
ASV900,1,3,black,slateblue1
ASV901,1,13,black,black
ASV902,1,5,black,slateblue1
ASV903,1,3,black,slateblue1
ASV904,1,11,black,slateblue1
ASV905,1,14,black,black
ASV906,1,11,black,slateblue1
ASV907,1,12,black,slateblue1
ASV908,1,39,black,slateblue1
ASV909,1,8,black,slateblue1
ASV910,1,23,black,slateblue1
ASV911,1,8,black,slateblue1
ASV912,1,3,black,slateblue1
ASV913,1,8,black,slateblue1
ASV914,1,40,black,slateblue1
ASV915,1,70,black,slateblue1
ASV916,1,12,black,slateblue1
ASV917,1,30,black,slateblue1
ASV918,1,10,black,slateblue1
ASV919,1,13,black,slateblue1
ASV920,1,30,black,slateblue1
ASV921,2,146,black,black
ASV922,1,11,black,slateblue1
ASV923,1,22,black,slateblue1
ASV924,5,577,black,black
ASV925,1,42,black,black
ASV926,304,34219,darkgoldenrod1,black
ASV927,1,14,black,slateblue1
ASV928,1,52,black,slateblue1
ASV929,1,7,black,slateblue1
ASV930,1,9,black,slateblue1
ASV931,1,6,black,slateblue1
ASV932,1,10,black,black
ASV933,1,4,black,slateblue1
ASV934,1,9,black,slateblue1
ASV935,1,11,black,black
ASV936,1,4,black,black
ASV937,1,10,black,slateblue1
ASV938,1,5,black,slateblue1
ASV939,1,12,black,slateblue1
ASV940,1,7,black,slateblue1
ASV941,2,11,black,slateblue1
ASV942,1,16,black,slateblue1
ASV943,1,3,black,slateblue1
ASV944,1,7,black,slateblue1
ASV945,92,7723,darkgoldenrod1,black
ASV946,1,27,black,black
ASV947,1,7,black,black
ASV948,2,124,black,black
ASV949,6,189,black,black
ASV950,2,73,black,black
ASV951,2,54,black,slateblue1
ASV952,12,953,darkgoldenrod1,black
ASV953,1,396,black,black
ASV954,2,272,black,black
ASV955,1,14,black,slateblue1
ASV956,1,68,black,black
ASV957,1,59,black,slateblue1
ASV958,31,2216,black,black
ASV959,1,20,black,slateblue1
ASV960,1,9,black,slateblue1
ASV961,1,5,black,slateblue1
ASV962,1,9,black,slateblue1
ASV963,2,55,black,slateblue1
ASV964,19,487,black,black
ASV965,5,273,black,black
ASV966,17,701,darkgoldenrod1,black
ASV967,1,9,black,black
ASV968,2,77,black,slateblue1
ASV969,1,6,black,slateblue1
ASV970,1,13,black,slateblue1
ASV971,1,31,black,slateblue1
ASV972,1,38,black,slateblue1
ASV973,1,22,black,slateblue1
ASV974,1,28,black,slateblue1
ASV975,1,33,black,slateblue1
ASV976,1,9,black,black
ASV977,1,32,black,slateblue1
ASV978,1,60,black,slateblue1
ASV979,136,4928,darkgoldenrod1,black
ASV980,9,394,black,black
ASV981,1,12,black,black
ASV982,1,13,black,slateblue1
ASV983,3,46,black,black
ASV984,7,363,black,black
ASV985,1,9,black,black
ASV986,13,554,darkgoldenrod1,black
ASV987,1,4,black,slateblue1
ASV988,1,10,black,slateblue1
ASV989,34,1030,darkgoldenrod1,black
ASV990,1,17,black,black
ASV991,10,421,black,black
ASV992,4,282,black,black
ASV993,15,995,black,black
ASV994,1,3,black,slateblue1
ASV995,1,9,black,slateblue1
ASV996,1,39,black,slateblue1
ASV997,1,43,black,slateblue1
ASV998,1,12,black,slateblue1
ASV999,1,5,black,slateblue1
ASV1000,1,4,black,slateblue1
ASV1001,1,4,black,slateblue1
ASV1002,1,3,black,slateblue1
ASV1003,1,3,black,slateblue1
ASV1004,1,10,black,slateblue1
ASV1005,1,6,black,slateblue1
ASV1006,1,5,black,slateblue1
ASV1007,271,28316,darkgoldenrod1,black
ASV1008,1,17,black,slateblue1
ASV1009,1,14,black,slateblue1
ASV1010,1,75,black,slateblue1
ASV1011,1,42,black,slateblue1
ASV1012,1,8,black,slateblue1
ASV1013,1,31,black,slateblue1
ASV1014,1,26,black,slateblue1
ASV1015,47,4506,darkgoldenrod1,black
ASV1016,2,100,black,black
ASV1017,1,19,black,black
ASV1018,1,9,black,black
ASV1019,1,12,black,slateblue1
ASV1020,1,7,black,slateblue1
ASV1021,1,41,black,slateblue1
ASV1022,1,23,black,slateblue1
ASV1023,1,3,black,slateblue1
ASV1024,1,41,black,slateblue1
ASV1025,1,23,black,black
ASV1026,1,28,black,slateblue1
ASV1027,1,13,black,slateblue1
ASV1028,1,57,black,slateblue1
ASV1029,1,13,black,slateblue1
ASV1030,1,9,black,slateblue1
ASV1031,6,208,darkgoldenrod1,black
ASV1032,1,6,black,slateblue1
ASV1033,1,12,black,black
ASV1034,1,4,black,slateblue1
ASV1035,1,16,black,slateblue1
ASV1036,1,14,black,slateblue1
ASV1037,1,15,black,slateblue1
ASV1038,80,2329,darkgoldenrod1,black
ASV1039,1,8,black,black
ASV1040,12,565,black,black
ASV1041,3,294,black,black
ASV1042,1,52,black,black
ASV1043,1,23,black,black
ASV1044,2,43,black,black
ASV1045,3,149,black,slateblue1
ASV1046,1,16,black,black
ASV1047,23,421,darkgoldenrod1,black
ASV1048,1,4,black,black
ASV1049,1,40,black,slateblue1
ASV1050,1,4,black,slateblue1
ASV1051,1,2,black,slateblue1
ASV1052,28,421,black,black
ASV1053,1,18,black,black
ASV1054,1,14,black,slateblue1
ASV1055,1,4,black,black
ASV1056,5,137,black,black
ASV1057,9,195,black,black
ASV1058,1,4,black,slateblue1
ASV1059,1,8,black,black
ASV1060,1,3,black,slateblue1
ASV1061,1,3,black,slateblue1
ASV1062,1,4,black,black
ASV1063,1,7,black,black
ASV1064,1,3,black,black
ASV1065,1,2,black,slateblue1
ASV1066,1,3,black,slateblue1
ASV1067,1,4,black,slateblue1
ASV1068,1,9,black,black
ASV1069,1,5,black,slateblue1
ASV1070,1,3,black,slateblue1
ASV1071,1,3,black,slateblue1
ASV1072,1,3,black,slateblue1
ASV1073,1,3,black,black
ASV1074,1,14,black,slateblue1
ASV1075,1,5,black,slateblue1
ASV1076,1,2,black,slateblue1
ASV1077,1,3,black,slateblue1
ASV1078,1,9,black,slateblue1
ASV1079,1,4,black,slateblue1
ASV1080,1,3,black,black
ASV1081,1,3,black,slateblue1
ASV1082,1,8,black,slateblue1
ASV1083,1,13,black,slateblue1
ASV1084,1,3,black,black
ASV1085,1,2,black,slateblue1
ASV1086,1,5,black,slateblue1
ASV1087,1,6,black,slateblue1
ASV1088,1,4,black,black
ASV1089,1,6,black,slateblue1
ASV1090,1,2,black,slateblue1
ASV1091,1,13,black,slateblue1
ASV1092,1,8,black,black
ASV1093,1,3,black,slateblue1
ASV1094,1,18,black,slateblue1
ASV1095,1,3,black,black
ASV1096,1,4,black,black
ASV1097,6,355,black,black
ASV1098,29,1064,black,black
ASV1099,1,36,black,black
ASV1100,3,197,black,black
ASV1101,1,32,black,black
ASV1102,8,308,black,black
ASV1103,15,418,black,black
ASV1104,10,324,black,black
ASV1105,1,22,black,slateblue1
ASV1106,1,68,black,slateblue1
ASV1107,1,4,black,black
ASV1108,1,17,black,slateblue1
ASV1109,2,12,black,slateblue1
ASV1110,2,209,black,black
ASV1111,5,117,black,black
ASV1112,1,46,black,slateblue1
ASV1113,1,2,black,black
ASV1114,1,44,black,slateblue1
ASV1115,1,20,black,slateblue1
ASV1116,5,44,black,black
ASV1117,1,23,black,slateblue1
ASV1118,17,1130,black,black
ASV1119,1,2,black,black
ASV1120,3,88,black,black
ASV1121,51,2884,darkgoldenrod1,black
ASV1122,1,71,black,slateblue1
ASV1123,2,21,black,slateblue1
ASV1124,3,57,black,slateblue1
ASV1125,1,28,black,slateblue1
ASV1126,1,7,black,black
ASV1127,5,361,black,black
ASV1128,5,10,black,black
ASV1129,3,106,black,black
ASV1130,6,24,black,slateblue1
ASV1131,8,581,black,slateblue1
ASV1132,1,6,black,slateblue1
ASV1133,2,132,black,slateblue1
ASV1134,2,180,black,slateblue1
ASV1135,437,62273,darkgoldenrod1,black
ASV1136,1,77,black,slateblue1
ASV1137,1,14,black,slateblue1
ASV1138,1,84,black,slateblue1
ASV1139,1,4,black,black
ASV1140,1,10,black,slateblue1
ASV1141,1,5,black,slateblue1
ASV1142,1,4,black,black
ASV1143,1,4,black,slateblue1
ASV1144,1,3,black,black
ASV1145,1,6,black,slateblue1
ASV1146,1,4,black,black
ASV1147,1,2,black,slateblue1
ASV1148,1,3,black,slateblue1
ASV1149,1,3,black,black
ASV1150,1,3,black,black
ASV1151,1,3,black,slateblue1
ASV1152,1,9,black,slateblue1
ASV1153,1,109,black,black
ASV1154,1,39,black,slateblue1
ASV1155,110,7378,darkgoldenrod1,black
ASV1156,29,2318,black,black
ASV1157,31,2409,darkgoldenrod1,black
ASV1158,1,14,black,black
ASV1159,1,11,black,slateblue1
ASV1160,2,153,black,black
ASV1161,1,9,black,slateblue1
ASV1162,2,28,black,slateblue1
ASV1163,16,497,black,slateblue1
ASV1164,2,23,black,slateblue1
ASV1165,18,656,black,slateblue1
ASV1166,1,39,black,black
ASV1167,6,233,black,black
ASV1168,1,29,black,black
ASV1169,3,180,black,slateblue1
ASV1170,25,2361,black,black
ASV1171,1,17,black,slateblue1
ASV1172,17,414,black,black
ASV1173,1,62,black,slateblue1
ASV1174,1,100,black,slateblue1
ASV1175,85,7703,darkgoldenrod1,black
ASV1176,219,30230,darkgoldenrod1,black
ASV1177,1,17,black,slateblue1
ASV1178,1,18,black,slateblue1
ASV1179,1,55,black,slateblue1
ASV1180,1,39,black,slateblue1
ASV1181,5,105,black,black
ASV1182,16,234,black,black
ASV1183,33,204,black,black
ASV1184,19,246,darkgoldenrod1,black
ASV1185,1,15,black,black
ASV1186,1,44,black,black
ASV1187,1,14,black,slateblue1
ASV1188,1,34,black,slateblue1
ASV1189,328,49576,darkgoldenrod1,black
ASV1190,1,46,black,slateblue1
ASV1191,4,215,black,slateblue1
ASV1192,1,24,black,slateblue1
ASV1193,1,22,black,slateblue1
ASV1194,1,51,black,black
ASV1195,197,23644,darkgoldenrod1,black
ASV1196,1,33,black,slateblue1
ASV1197,50,842,darkgoldenrod1,black
ASV1198,1,20,black,slateblue1
ASV1199,83,1173,darkgoldenrod1,black
ASV1200,1,21,black,slateblue1
ASV1201,1,15,black,slateblue1
ASV1202,1,39,black,black
ASV1203,13,157,black,black
ASV1204,13,714,darkgoldenrod1,black
ASV1205,9,372,black,slateblue1
ASV1206,1,34,black,slateblue1
ASV1207,59,624,darkgoldenrod1,black
ASV1208,20,2131,darkgoldenrod1,black
ASV1209,8,482,black,black
ASV1210,4,17,black,black
ASV1211,1,24,black,slateblue1
ASV1212,45,550,black,black
ASV1213,1,28,black,slateblue1
ASV1214,1,14,black,slateblue1
ASV1215,11,680,black,black
ASV1216,1,23,black,slateblue1
ASV1217,19,227,black,black
ASV1218,1,12,black,slateblue1
ASV1219,2,18,black,black
ASV1220,7,224,black,black
ASV1221,6,31,black,black
ASV1222,1,28,black,black
ASV1223,8,565,black,black
ASV1224,1,22,black,black
ASV1225,1,12,black,slateblue1
ASV1226,1,17,black,slateblue1
ASV1227,1,7,black,slateblue1
ASV1228,90,906,darkgoldenrod1,black
ASV1229,1,11,black,slateblue1
ASV1230,1,10,black,black
ASV1231,34,243,darkgoldenrod1,black
ASV1232,1,38,black,slateblue1
ASV1233,131,12279,darkgoldenrod1,black
ASV1234,1,57,black,black
ASV1235,1,167,black,black
ASV1236,1,36,black,black
ASV1237,1,76,black,slateblue1
ASV1238,1,45,black,slateblue1
ASV1239,1,13,black,slateblue1
ASV1240,47,2667,darkgoldenrod1,black
ASV1241,11,868,black,black
ASV1242,18,427,black,black
ASV1243,13,1840,darkgoldenrod1,black
ASV1244,1,15,black,slateblue1
ASV1245,1,20,black,black
ASV1246,1,20,black,slateblue1
ASV1247,2,155,black,slateblue1
ASV1248,3,167,black,black
ASV1249,1,28,black,black
ASV1250,15,468,darkgoldenrod1,black
ASV1251,5,240,black,black
ASV1252,14,530,black,slateblue1
ASV1253,2,111,black,slateblue1
ASV1254,1,24,black,black
ASV1255,2,139,black,slateblue1
ASV1256,49,1557,darkgoldenrod1,black
ASV1257,15,235,darkgoldenrod1,black
ASV1258,3,129,black,black
ASV1259,26,1915,darkgoldenrod1,black
ASV1260,10,75,black,slateblue1
ASV1261,7,281,black,slateblue1
ASV1262,1,29,black,black
ASV1263,7,284,black,slateblue1
ASV1264,3,52,black,black
ASV1265,25,601,darkgoldenrod1,black
ASV1266,9,78,black,slateblue1
ASV1267,1,108,black,slateblue1
ASV1268,43,3475,darkgoldenrod1,black
ASV1269,33,757,black,black
ASV1270,1,18,black,slateblue1
ASV1271,54,5101,darkgoldenrod1,black
ASV1272,67,6475,darkgoldenrod1,black
ASV1273,15,340,darkgoldenrod1,black
ASV1274,3,340,black,slateblue1
ASV1275,1,61,black,slateblue1
ASV1276,1,26,black,slateblue1
ASV1277,4,272,black,black
ASV1278,20,328,black,black
ASV1279,13,709,black,black
ASV1280,24,998,darkgoldenrod1,black
ASV1281,1,2,black,black
ASV1282,1,39,black,slateblue1
ASV1283,1,13,black,slateblue1
ASV1284,6,56,black,slateblue1
ASV1285,2,97,black,black
ASV1286,1,6,black,slateblue1
ASV1287,1,6,black,slateblue1
ASV1288,2,6,black,slateblue1
ASV1289,1,3,black,slateblue1
ASV1290,1,3,black,slateblue1
ASV1291,1,14,black,black
ASV1292,1,3,black,slateblue1
ASV1293,1,3,black,slateblue1
ASV1294,1,3,black,slateblue1
ASV1295,1,14,black,slateblue1
ASV1296,1,4,black,slateblue1
ASV1297,1,8,black,black
ASV1298,1,4,black,slateblue1
ASV1299,1,7,black,slateblue1
ASV1300,1,23,black,slateblue1
ASV1301,1,8,black,slateblue1
ASV1302,1,5,black,slateblue1
ASV1303,77,1471,darkgoldenrod1,black
ASV1304,1,12,black,slateblue1
ASV1305,1,8,black,slateblue1
ASV1306,1,12,black,slateblue1
ASV1307,1,8,black,slateblue1
ASV1308,1,17,black,slateblue1
ASV1309,1,4,black,slateblue1
ASV1310,1,13,black,slateblue1
ASV1311,1,13,black,slateblue1
ASV1312,1,11,black,slateblue1
ASV1313,139,5354,darkgoldenrod1,black
ASV1314,1,7,black,slateblue1
ASV1315,1,9,black,slateblue1
ASV1316,1,65,black,slateblue1
ASV1317,1,11,black,black
ASV1318,1,12,black,slateblue1
ASV1319,1,15,black,slateblue1
ASV1320,1,9,black,slateblue1
ASV1321,1,14,black,slateblue1
ASV1322,10,248,darkgoldenrod1,black
ASV1323,1,23,black,slateblue1
ASV1324,16,387,darkgoldenrod1,black
ASV1325,1,10,black,slateblue1
ASV1326,1,20,black,slateblue1
ASV1327,1,8,black,slateblue1
ASV1328,9,215,black,black
ASV1329,29,977,darkgoldenrod1,black
ASV1330,14,227,black,black
ASV1331,1,4,black,slateblue1
ASV1332,1,8,black,slateblue1
ASV1333,1,9,black,slateblue1
ASV1334,1,4,black,slateblue1
ASV1335,2,8,black,black
ASV1336,133,3855,darkgoldenrod1,black
ASV1337,1,3,black,black
ASV1338,1,7,black,slateblue1
ASV1339,1,4,black,black
ASV1340,1,6,black,slateblue1
ASV1341,1,4,black,slateblue1
ASV1342,1,6,black,slateblue1
ASV1343,1,10,black,slateblue1
ASV1344,1,14,black,slateblue1
ASV1345,1,20,black,slateblue1
ASV1346,1,20,black,slateblue1
ASV1347,1,16,black,slateblue1
ASV1348,1,14,black,black
ASV1349,2,25,black,slateblue1
ASV1350,1,11,black,black
ASV1351,27,398,darkgoldenrod1,black
ASV1352,4,22,black,black
ASV1353,1,12,black,black
ASV1354,1,3,black,slateblue1
ASV1355,1,4,black,slateblue1
ASV1356,15,228,black,black
ASV1357,1,10,black,black
ASV1358,1,11,black,slateblue1
ASV1359,1,3,black,black
ASV1360,1,9,black,black
ASV1361,1,10,black,black
ASV1362,1,6,black,black
ASV1363,1,5,black,slateblue1
ASV1364,6,168,black,slateblue1
ASV1365,1,3,black,black
ASV1366,6,314,black,black
ASV1367,17,717,black,black
ASV1368,1,10,black,slateblue1
ASV1369,1,15,black,slateblue1
ASV1370,1,12,black,black
ASV1371,42,1646,darkgoldenrod1,black
ASV1372,1,22,black,slateblue1
ASV1373,1,3,black,slateblue1
ASV1374,4,193,black,black
ASV1375,1,37,black,black
ASV1376,1,14,black,slateblue1
ASV1377,1,4,black,slateblue1
ASV1378,1,10,black,slateblue1
ASV1379,1,17,black,slateblue1
ASV1380,1,2,black,slateblue1
ASV1381,1,21,black,slateblue1
ASV1382,1,8,black,black
ASV1383,1,20,black,slateblue1
ASV1384,1,11,black,slateblue1
ASV1385,1,16,black,slateblue1
ASV1386,1,3,black,slateblue1
ASV1387,1,4,black,slateblue1
ASV1388,1,11,black,slateblue1
ASV1389,1,208,black,slateblue1
ASV1390,1,349,black,slateblue1
ASV1391,4,799,black,black
ASV1392,1,20,black,slateblue1
ASV1393,1,13,black,slateblue1
ASV1394,18,1424,black,black
ASV1395,1,15,black,slateblue1
ASV1396,10,573,darkgoldenrod1,black
ASV1397,1,8,black,slateblue1
ASV1398,1,63,black,slateblue1
ASV1399,1,111,black,black
ASV1400,75,12633,darkgoldenrod1,black
ASV1401,1,28,black,black
ASV1402,1,63,black,slateblue1
ASV1403,1,376,black,black
ASV1404,1,33,black,slateblue1
ASV1405,1,30,black,slateblue1
ASV1406,1,35,black,slateblue1
ASV1407,1,10,black,slateblue1
ASV1408,1,27,black,slateblue1
ASV1409,1,4,black,black
ASV1410,1,4,black,slateblue1
ASV1411,1,7,black,slateblue1
ASV1412,1,3,black,slateblue1
ASV1413,1,7,black,slateblue1
ASV1414,1,3,black,slateblue1
ASV1415,1,3,black,slateblue1
ASV1416,1,3,black,slateblue1
ASV1417,1,4,black,black
ASV1418,1,11,black,slateblue1
ASV1419,1,8,black,slateblue1
ASV1420,1,6,black,slateblue1
ASV1421,1,4,black,slateblue1
ASV1422,1,279,black,black
ASV1423,1,3,black,black
ASV1424,3,220,black,slateblue1
ASV1425,1,13,black,slateblue1
ASV1426,1,54,black,slateblue1
ASV1427,1,21,black,black
ASV1428,638,182529,darkgoldenrod1,black
ASV1429,1,223,black,black
ASV1430,1,84,black,black
ASV1431,2,62,black,slateblue1
ASV1432,1,15,black,slateblue1
ASV1433,1,19,black,slateblue1
ASV1434,1,30,black,slateblue1
ASV1435,1,22,black,slateblue1
ASV1436,1,30,black,slateblue1
ASV1437,1,8,black,slateblue1
ASV1438,1,13,black,slateblue1
ASV1439,1,9,black,slateblue1
ASV1440,1,7,black,slateblue1
ASV1441,1,3,black,slateblue1
ASV1442,1,3,black,slateblue1
ASV1443,1,5,black,slateblue1
ASV1444,1,10,black,slateblue1
ASV1445,1,4,black,slateblue1
ASV1446,1,3,black,slateblue1
ASV1447,3,109,black,slateblue1
ASV1448,1,37,black,slateblue1
ASV1449,1,17,black,slateblue1
ASV1450,7,1207,black,black
ASV1451,4,669,black,black
ASV1452,3,345,black,black
ASV1453,1,11,black,slateblue1
ASV1454,4,288,black,slateblue1
ASV1455,4,345,black,slateblue1
ASV1456,5,1027,black,slateblue1
ASV1457,3,353,black,black
ASV1458,1,50,black,slateblue1
ASV1459,1,37,black,slateblue1
ASV1460,47,6593,darkgoldenrod1,black
ASV1461,8,644,black,black
ASV1462,11,574,black,slateblue1
ASV1463,1,23,black,slateblue1
ASV1464,1,9,black,slateblue1
ASV1465,1,9,black,slateblue1
ASV1466,1,16,black,slateblue1
ASV1467,1,6,black,slateblue1
ASV1468,297,61367,darkgoldenrod1,black
ASV1469,1,4,black,slateblue1
ASV1470,1,3,black,slateblue1
ASV1471,1,3,black,slateblue1
ASV1472,1,3,black,slateblue1
ASV1473,1,3,black,slateblue1
ASV1474,1,60,black,slateblue1
ASV1475,130,29301,darkgoldenrod1,black
ASV1476,151,28248,darkgoldenrod1,black
ASV1477,1,12,black,slateblue1
ASV1478,1,10,black,slateblue1
ASV1479,1,5,black,slateblue1
ASV1480,2,176,black,slateblue1
ASV1481,37,2483,darkgoldenrod1,black
ASV1482,1,3,black,slateblue1
ASV1483,34,2433,darkgoldenrod1,black
ASV1484,92,20574,darkgoldenrod1,black
ASV1485,1,43,black,slateblue1
ASV1486,1,31,black,slateblue1
ASV1487,1,6,black,slateblue1
ASV1488,1,29,black,slateblue1
ASV1489,1,41,black,black
ASV1490,2,173,black,slateblue1
ASV1491,14,1557,darkgoldenrod1,black
ASV1492,44,1217,darkgoldenrod1,black
ASV1493,3,632,black,slateblue1
ASV1494,36,6178,darkgoldenrod1,black
ASV1495,1,12,black,slateblue1
ASV1496,1,6,black,slateblue1
ASV1497,3,199,black,slateblue1
ASV1498,7,1866,black,slateblue1
ASV1499,2,778,black,black
ASV1500,1,54,black,slateblue1
ASV1501,16,1154,black,black
ASV1502,8,3273,black,black
ASV1503,8,2035,black,slateblue1
ASV1504,1,58,black,slateblue1
ASV1505,1,32,black,slateblue1
ASV1506,23,2908,black,black
ASV1507,1,53,black,slateblue1
ASV1508,6,1353,black,slateblue1
ASV1509,1,3,black,slateblue1
ASV1510,7,701,black,black
ASV1511,1,5,black,slateblue1
ASV1512,1,160,black,black
ASV1513,1,63,black,black
ASV1514,354,348921,darkgoldenrod1,black
ASV1515,1,152,black,slateblue1
ASV1516,2,251,black,black
ASV1517,1,8,black,slateblue1
ASV1518,1,69,black,slateblue1
ASV1519,1,31,black,slateblue1
ASV1520,2,40,black,slateblue1
ASV1521,39,2694,black,black
ASV1522,1,12,black,slateblue1
ASV1523,1,12,black,slateblue1
ASV1524,1,11,black,slateblue1
ASV1525,1,5,black,slateblue1
ASV1526,1,5,black,black
ASV1527,1,3,black,slateblue1
ASV1528,1,123,black,black
ASV1529,1,17,black,slateblue1
ASV1530,1,71,black,slateblue1
ASV1531,1,7,black,slateblue1
ASV1532,1,193,black,slateblue1
ASV1533,1,33,black,black
ASV1534,52,13195,darkgoldenrod1,black
ASV1535,10,1836,black,black
ASV1536,7,1407,black,black
ASV1537,1,47,black,slateblue1
ASV1538,1,16,black,slateblue1
ASV1539,61,8063,darkgoldenrod1,black
ASV1540,1,31,black,slateblue1
ASV1541,1,33,black,slateblue1
ASV1542,41,4413,darkgoldenrod1,black
ASV1543,1,62,black,slateblue1
ASV1544,1,3,black,slateblue1
ASV1545,1,5,black,slateblue1
ASV1546,1,6,black,slateblue1
ASV1547,1,3,black,slateblue1
ASV1548,1,4,black,black
ASV1549,1,22,black,slateblue1
ASV1550,127,10542,darkgoldenrod1,black
ASV1551,210,71245,darkgoldenrod1,black
ASV1552,1,168,black,black
ASV1553,1,139,black,slateblue1
ASV1554,1,31,black,slateblue1
ASV1555,6,1202,black,black
ASV1556,32,5657,black,slateblue1
ASV1557,11,3385,black,black
ASV1558,1,136,black,black
ASV1559,1,31,black,slateblue1
ASV1560,1,31,black,slateblue1
ASV1561,313,148159,darkgoldenrod1,black
ASV1562,1,14,black,slateblue1
ASV1563,1,27,black,slateblue1
ASV1564,16,973,black,black
ASV1565,3,147,black,black
ASV1566,209,85930,darkgoldenrod1,black
ASV1567,1,22,black,slateblue1
ASV1568,1,20,black,slateblue1
ASV1569,3,1748,black,slateblue1
ASV1570,1,12,black,slateblue1
ASV1571,102,12540,darkgoldenrod1,black
ASV1572,1,3,black,slateblue1
ASV1573,1,4,black,slateblue1
ASV1574,1,5,black,slateblue1
ASV1575,1,3,black,slateblue1
ASV1576,1,3,black,slateblue1
ASV1577,1,6,black,slateblue1
ASV1578,1,21,black,slateblue1
ASV1579,1,14,black,slateblue1
ASV1580,1,11,black,slateblue1
ASV1581,1,4,black,slateblue1
ASV1582,1,6,black,slateblue1
ASV1583,1,18,black,slateblue1
ASV1584,1,9,black,slateblue1
ASV1585,2,15,black,slateblue1
ASV1586,1,6,black,slateblue1
ASV1587,1,20,black,slateblue1
ASV1588,1,7,black,black
ASV1589,1,3,black,slateblue1
ASV1590,1,3,black,slateblue1
ASV1591,4,70,black,slateblue1
ASV1592,1,6,black,black
ASV1593,1,6,black,slateblue1
ASV1594,5,106,black,slateblue1
ASV1595,1,7,black,slateblue1
ASV1596,1,6,black,slateblue1
ASV1597,1,4,black,slateblue1
ASV1598,6,53,black,black
ASV1599,1,3,black,slateblue1
ASV1600,1,3,black,slateblue1
ASV1601,1,8,black,slateblue1
ASV1602,1,6,black,slateblue1
ASV1603,1,3,black,slateblue1
ASV1604,1,3,black,slateblue1
ASV1605,1,3,black,slateblue1
ASV1606,1,5,black,black
ASV1607,1,7,black,slateblue1
ASV1608,1,8,black,slateblue1
ASV1609,1,11,black,slateblue1
ASV1610,1,5,black,black
ASV1611,1,6,black,slateblue1
ASV1612,1,4,black,black
ASV1613,1,3,black,slateblue1
ASV1614,1,3,black,slateblue1
ASV1615,1,5,black,slateblue1
ASV1616,1,4,black,slateblue1
ASV1617,1,4,black,slateblue1
ASV1618,1,3,black,black
ASV1619,1,2,black,black
ASV1620,1,4,black,slateblue1
ASV1621,1,4,black,slateblue1
ASV1622,1,5,black,slateblue1
ASV1623,1,3,black,slateblue1
ASV1624,1,3,black,slateblue1
ASV1625,1,3,black,black
ASV1626,1,3,black,black
ASV1627,1,3,black,black
ASV1628,1,4,black,black
ASV1629,1,5,black,black
ASV1630,1,36,black,slateblue1
ASV1631,1,6,black,slateblue1
ASV1632,1,5,black,black
ASV1633,1,3,black,slateblue1
ASV1634,1,7,black,black
ASV1635,1,8,black,black
ASV1636,1,2,black,slateblue1
ASV1637,1,3,black,slateblue1
ASV1638,1,7,black,black
ASV1639,1,3,black,black
ASV1640,1,3,black,slateblue1
ASV1641,1,4,black,slateblue1
ASV1642,1,5,black,slateblue1
ASV1643,1,4,black,slateblue1
ASV1644,1,11,black,slateblue1
ASV1645,3,22,black,black
ASV1646,1,7,black,slateblue1
ASV1647,1,7,black,slateblue1
ASV1648,1,4,black,slateblue1
ASV1649,1,3,black,slateblue1
ASV1650,1,14,black,slateblue1
ASV1651,1,5,black,slateblue1
ASV1652,1,4,black,slateblue1
ASV1653,1,7,black,slateblue1
ASV1654,1,71,black,slateblue1
ASV1655,1,17,black,slateblue1
ASV1656,1,10,black,black
ASV1657,1,6,black,slateblue1
ASV1658,1,3,black,slateblue1
ASV1659,1,3,black,slateblue1
ASV1660,1,4,black,slateblue1
ASV1661,1,14,black,slateblue1
ASV1662,1,4,black,slateblue1
ASV1663,1,4,black,slateblue1
ASV1664,1,16,black,slateblue1
ASV1665,1,3,black,slateblue1
ASV1666,2,18,black,black
ASV1667,1,5,black,slateblue1
ASV1668,1,3,black,slateblue1
ASV1669,1,4,black,slateblue1
ASV1670,1,5,black,slateblue1
ASV1671,1,7,black,slateblue1
ASV1672,1,3,black,slateblue1
ASV1673,1,3,black,slateblue1
ASV1674,1,3,black,black
ASV1675,1,3,black,black
ASV1676,1,9,black,slateblue1
ASV1677,1,22,black,slateblue1
ASV1678,1,3,black,slateblue1
ASV1679,1,3,black,slateblue1
ASV1680,1,4,black,slateblue1
ASV1681,1,6,black,slateblue1
ASV1682,1,7,black,slateblue1
ASV1683,1,5,black,slateblue1
ASV1684,1,3,black,slateblue1
ASV1685,1,5,black,slateblue1
ASV1686,1,5,black,black
ASV1687,1,92,black,black
ASV1688,95,13673,darkgoldenrod1,black
ASV1689,46,9407,darkgoldenrod1,black
ASV1690,2,76,black,slateblue1
ASV1691,108,30065,darkgoldenrod1,black
ASV1692,1,38,black,slateblue1
ASV1693,10,1073,black,black
ASV1694,1,49,black,slateblue1
ASV1695,3,892,black,black
ASV1696,1,204,black,black
ASV1697,1,27,black,black
ASV1698,1,38,black,black
ASV1699,194,46074,darkgoldenrod1,black
ASV1700,152,22796,darkgoldenrod1,black
ASV1701,1,28,black,slateblue1
ASV1702,1,7,black,slateblue1
ASV1703,1,3,black,slateblue1
ASV1704,1,11,black,slateblue1
ASV1705,1,17,black,slateblue1
ASV1706,1,3,black,slateblue1
ASV1707,1,3,black,slateblue1
ASV1708,1,20,black,slateblue1
ASV1709,74,3103,darkgoldenrod1,black
ASV1710,1,32,black,slateblue1
ASV1711,1,16,black,black
ASV1712,78,3002,darkgoldenrod1,black
ASV1713,1,11,black,black
ASV1714,1,3,black,slateblue1
ASV1715,9,228,black,black
ASV1716,1,16,black,black
ASV1717,79,3146,darkgoldenrod1,black
ASV1718,1,22,black,slateblue1
ASV1719,135,7486,darkgoldenrod1,black
ASV1720,1,11,black,black
ASV1721,1,21,black,slateblue1
ASV1722,1,10,black,slateblue1
ASV1723,1,8,black,slateblue1
ASV1724,3,100,black,slateblue1
ASV1725,2,82,black,black
ASV1726,12,476,black,black
ASV1727,34,1537,black,black
ASV1728,1,13,black,slateblue1
ASV1729,1,8,black,slateblue1
ASV1730,1,10,black,black
ASV1731,54,2472,black,black
ASV1732,1,19,black,slateblue1
ASV1733,1,5,black,black
ASV1734,1,6,black,slateblue1
ASV1735,1,14,black,slateblue1
ASV1736,1,12,black,slateblue1
ASV1737,1,8,black,slateblue1
ASV1738,1,6,black,black
ASV1739,1,10,black,slateblue1
ASV1740,1,7,black,slateblue1
ASV1741,1,3,black,black
ASV1742,102,5065,darkgoldenrod1,black
ASV1743,6,202,black,black
ASV1744,1,8,black,black
ASV1745,1,9,black,black
ASV1746,3,202,black,black
ASV1747,7,176,black,black
ASV1748,1,15,black,black
ASV1749,1,7,black,slateblue1
ASV1750,1,9,black,black
ASV1751,5,80,black,black
ASV1752,3,37,black,black
ASV1753,1,5,black,black
ASV1754,2,17,black,slateblue1
ASV1755,1,4,black,slateblue1
ASV1756,1,25,black,slateblue1
ASV1757,1,7,black,black
ASV1758,1,9,black,black
ASV1759,1,21,black,black
ASV1760,5,113,black,black
ASV1761,3,42,black,black
ASV1762,2,13,black,black
ASV1763,1,3,black,slateblue1
ASV1764,2,21,black,slateblue1
ASV1765,3,29,black,black
ASV1766,3,38,black,black
ASV1767,1,4,black,slateblue1
ASV1768,1,12,black,slateblue1
ASV1769,1,5,black,black
ASV1770,1,6,black,slateblue1
ASV1771,4,162,black,slateblue1
ASV1772,1,5,black,black
ASV1773,1,16,black,black
ASV1774,7,455,darkgoldenrod1,black
ASV1775,1,3,black,black
ASV1776,1,16,black,slateblue1
ASV1777,32,1593,darkgoldenrod1,black
ASV1778,1,11,black,black
ASV1779,1,24,black,black
ASV1780,5,168,black,black
ASV1781,2,53,black,black
ASV1782,1,13,black,black
ASV1783,1,6,black,black
ASV1784,1,7,black,slateblue1
ASV1785,1,12,black,black
ASV1786,6,287,black,black
ASV1787,22,884,black,black
ASV1788,2,55,black,black
ASV1789,1,13,black,black
ASV1790,1,3,black,slateblue1
ASV1791,1,3,black,slateblue1
ASV1792,16,878,black,black
ASV1793,1,3,black,slateblue1
ASV1794,1,3,black,slateblue1
ASV1795,54,9022,darkgoldenrod1,black
ASV1796,1,57,black,black
ASV1797,6,451,black,black
ASV1798,10,318,black,black
ASV1799,3,296,black,black
ASV1800,1,184,black,slateblue1
ASV1801,7,523,black,black
ASV1802,9,170,black,black
ASV1803,6,164,black,black
ASV1804,1,4,black,slateblue1
ASV1805,1,7,black,slateblue1
ASV1806,56,3631,darkgoldenrod1,black
ASV1807,5,40,black,black
ASV1808,1,8,black,slateblue1
ASV1809,1,6,black,slateblue1
ASV1810,1,11,black,black
ASV1811,1,10,black,slateblue1
ASV1812,1,19,black,slateblue1
ASV1813,1,6,black,slateblue1
ASV1814,1,11,black,slateblue1
ASV1815,111,4253,darkgoldenrod1,black
ASV1816,2,23,black,slateblue1
ASV1817,1,16,black,slateblue1
ASV1818,9,340,black,black
ASV1819,2,20,black,black
ASV1820,1,21,black,slateblue1
ASV1821,1,43,black,black
ASV1822,3,224,black,black
ASV1823,63,4362,darkgoldenrod1,black
ASV1824,1,42,black,slateblue1
ASV1825,3,22,black,black
ASV1826,2,30,black,slateblue1
ASV1827,1,20,black,slateblue1
ASV1828,21,629,black,black
ASV1829,24,1144,black,black
ASV1830,4,36,black,black
ASV1831,1,10,black,slateblue1
ASV1832,1,73,black,slateblue1
ASV1833,3,29,black,slateblue1
ASV1834,38,480,darkgoldenrod1,black
ASV1835,1,5,black,slateblue1
ASV1836,29,1726,darkgoldenrod1,black
ASV1837,7,1014,darkgoldenrod1,black
ASV1838,1,28,black,slateblue1
ASV1839,1,115,black,slateblue1
ASV1840,1,9,black,slateblue1
ASV1841,1,15,black,black
ASV1842,3,41,black,black
ASV1843,1,18,black,slateblue1
ASV1844,1,8,black,black
ASV1845,87,3417,darkgoldenrod1,black
ASV1846,1,3,black,slateblue1
ASV1847,13,212,black,black
ASV1848,40,3238,black,black
ASV1849,4,102,black,black
ASV1850,22,108,black,black
ASV1851,11,283,black,black
ASV1852,1,15,black,slateblue1
ASV1853,1,15,black,slateblue1
ASV1854,10,484,black,black
ASV1855,2,21,black,black
ASV1856,3,21,black,black
ASV1857,1,4,black,black
ASV1858,35,1676,black,black
ASV1859,1,13,black,slateblue1
ASV1860,1,14,black,black
ASV1861,1,19,black,slateblue1
ASV1862,1,3,black,slateblue1
ASV1863,39,2720,darkgoldenrod1,black
ASV1864,10,398,black,black
ASV1865,1,23,black,black
ASV1866,9,68,black,black
ASV1867,1,11,black,slateblue1
ASV1868,1,59,black,slateblue1
ASV1869,1,27,black,slateblue1
ASV1870,23,998,darkgoldenrod1,black
ASV1871,346,25709,darkgoldenrod1,black
ASV1872,1,12,black,slateblue1
ASV1873,1,7,black,slateblue1
ASV1874,1,17,black,black
ASV1875,23,1002,darkgoldenrod1,black
ASV1876,20,772,darkgoldenrod1,black
ASV1877,20,809,darkgoldenrod1,black
ASV1878,2,44,black,black
ASV1879,6,500,black,slateblue1
ASV1880,4,96,black,black
ASV1881,21,946,black,black
ASV1882,1,18,black,slateblue1
ASV1883,2,51,black,black
ASV1884,1,143,black,black
ASV1885,1,3,black,slateblue1
ASV1886,1,8,black,slateblue1
ASV1887,1,3,black,slateblue1
ASV1888,1,21,black,slateblue1
ASV1889,1,3,black,black
ASV1890,1,9,black,black
ASV1891,1,5,black,slateblue1
ASV1892,1,4,black,slateblue1
ASV1893,1,6,black,slateblue1
ASV1894,3,60,black,black
ASV1895,23,970,darkgoldenrod1,black
ASV1896,8,82,black,black
ASV1897,1,11,black,slateblue1
ASV1898,18,1242,black,black
ASV1899,2,50,black,black
ASV1900,1,17,black,slateblue1
ASV1901,15,733,black,black
ASV1902,10,609,black,black
ASV1903,12,618,black,slateblue1
ASV1904,8,346,black,black
ASV1905,10,261,black,black
ASV1906,1,21,black,black
ASV1907,1,8,black,slateblue1
ASV1908,10,373,black,black
ASV1909,3,37,black,black
ASV1910,3,82,black,black
ASV1911,2,24,black,black
ASV1912,13,671,black,black
ASV1913,7,261,darkgoldenrod1,black
ASV1914,6,267,black,black
ASV1915,1,40,black,slateblue1
ASV1916,9,367,darkgoldenrod1,black
ASV1917,5,218,black,black
ASV1918,3,66,black,slateblue1
ASV1919,1,8,black,slateblue1
ASV1920,1,4,black,slateblue1
ASV1921,1,6,black,slateblue1
ASV1922,1,3,black,slateblue1
ASV1923,2,7,black,black
ASV1924,1,3,black,slateblue1
ASV1925,1,193,black,black
ASV1926,7,2026,black,black
ASV1927,1,106,black,black
ASV1928,1,5,black,slateblue1
ASV1929,1,7,black,slateblue1
ASV1930,2,137,black,black
ASV1931,1,52,black,black
ASV1932,1,35,black,black
ASV1933,9,407,black,black
ASV1934,7,841,black,black
ASV1935,2,76,black,slateblue1
ASV1936,2,102,black,black
ASV1937,1,41,black,black
ASV1938,3,204,black,slateblue1
ASV1939,1,34,black,black
ASV1940,6,330,black,black
ASV1941,188,65501,darkgoldenrod1,black
ASV1942,1,22,black,slateblue1
ASV1943,14,2020,black,black
ASV1944,1,82,black,slateblue1
ASV1945,1,43,black,slateblue1
ASV1946,380,93833,darkgoldenrod1,black
ASV1947,15,522,black,slateblue1
ASV1948,574,257275,darkgoldenrod1,black
ASV1949,1,331,black,black
ASV1950,1,67,black,slateblue1
ASV1951,1,101,black,black
ASV1952,1,17,black,slateblue1
ASV1953,204,61189,darkgoldenrod1,black
ASV1954,1,47,black,slateblue1
ASV1955,1,27,black,slateblue1
ASV1956,1,37,black,slateblue1
ASV1957,1,27,black,black
ASV1958,1,47,black,slateblue1
ASV1959,1,15,black,slateblue1
ASV1960,1,33,black,black
ASV1961,1,24,black,slateblue1
ASV1962,1,19,black,slateblue1
ASV1963,1,86,black,slateblue1
ASV1964,2,31,black,slateblue1
ASV1965,1,3,black,slateblue1
ASV1966,1,3,black,slateblue1
ASV1967,1,3,black,black
ASV1968,1,6,black,slateblue1
ASV1969,1,18,black,slateblue1
ASV1970,1,15,black,slateblue1
ASV1971,1,10,black,slateblue1
ASV1972,1,10,black,slateblue1
ASV1973,1,3,black,slateblue1
ASV1974,1,12,black,black
ASV1975,1,29,black,slateblue1
ASV1976,1,15,black,slateblue1
ASV1977,1,6,black,slateblue1
ASV1978,1,3,black,black
ASV1979,1,3,black,black
ASV1980,1,3,black,slateblue1
ASV1981,1,3,black,slateblue1
ASV1982,1,18,black,slateblue1
ASV1983,1,12,black,slateblue1
ASV1984,1,13,black,slateblue1
ASV1985,1,4,black,slateblue1
ASV1986,1,5,black,slateblue1
ASV1987,1,10,black,slateblue1
ASV1988,1,5,black,slateblue1
ASV1989,1,5,black,slateblue1
ASV1990,1,3,black,slateblue1
ASV1991,1,3,black,slateblue1
ASV1992,1,4,black,slateblue1
ASV1993,1,3,black,slateblue1
ASV1994,1,8,black,slateblue1
ASV1995,1,6,black,slateblue1
ASV1996,1,14,black,slateblue1
ASV1997,1,3,black,slateblue1
ASV1998,1,3,black,slateblue1
ASV1999,1,3,black,black
ASV2000,1,4,black,slateblue1
ASV2001,1,3,black,slateblue1
ASV2002,1,4,black,slateblue1
ASV2003,1,10,black,slateblue1
ASV2004,1,10,black,slateblue1
ASV2005,1,7,black,slateblue1
ASV2006,1,9,black,slateblue1
ASV2007,1,3,black,slateblue1
ASV2008,1,3,black,slateblue1
ASV2009,1,3,black,black
ASV2010,1,3,black,black
ASV2011,1,3,black,black
ASV2012,1,5,black,black
ASV2013,1,5,black,black
ASV2014,1,10,black,slateblue1
ASV2015,1,11,black,slateblue1
ASV2016,1,2,black,slateblue1
ASV2017,1,2,black,slateblue1
ASV2018,1,9,black,black
ASV2019,1,4,black,slateblue1
ASV2020,1,4,black,slateblue1
ASV2021,1,3,black,slateblue1
ASV2022,1,5,black,slateblue1
ASV2023,1,7,black,slateblue1
ASV2024,1,7,black,slateblue1
ASV2025,1,31,black,slateblue1
ASV2026,1,5,black,slateblue1
ASV2027,1,6,black,slateblue1
ASV2028,1,5,black,slateblue1
ASV2029,1,7,black,slateblue1
ASV2030,1,5,black,slateblue1
ASV2031,1,4,black,slateblue1
ASV2032,1,20,black,slateblue1
ASV2033,1,9,black,slateblue1
ASV2034,1,3,black,slateblue1
ASV2035,1,6,black,slateblue1
ASV2036,1,4,black,slateblue1
ASV2037,1,3,black,slateblue1
ASV2038,1,5,black,slateblue1
ASV2039,1,3,black,slateblue1
ASV2040,1,14,black,slateblue1
ASV2041,1,5,black,slateblue1
ASV2042,1,3,black,black
ASV2043,1,3,black,slateblue1
ASV2044,1,3,black,slateblue1
ASV2045,1,9,black,slateblue1
ASV2046,2,377,black,black
ASV2047,6,1432,black,black
ASV2048,1,101,black,black
ASV2049,145,29325,darkgoldenrod1,black
ASV2050,6,493,black,black
ASV2051,2,118,black,black
ASV2052,1,49,black,slateblue1
ASV2053,31,12140,black,black
ASV2054,559,172939,darkgoldenrod1,black
ASV2055,138,18109,darkgoldenrod1,black
ASV2056,1,38,black,slateblue1
ASV2057,1,24,black,slateblue1
ASV2058,12,1401,black,black
ASV2059,1,34,black,slateblue1
ASV2060,44,7630,darkgoldenrod1,black
ASV2061,1,40,black,slateblue1
ASV2062,1,36,black,slateblue1
ASV2063,223,73987,darkgoldenrod1,black
ASV2064,9,320,black,black
ASV2065,1,77,black,slateblue1
ASV2066,1,36,black,slateblue1
ASV2067,1,53,black,slateblue1
ASV2068,1,14,black,slateblue1
ASV2069,1,16,black,slateblue1
ASV2070,1,28,black,slateblue1
ASV2071,1,58,black,slateblue1
ASV2072,118,18868,darkgoldenrod1,black
ASV2073,1,43,black,slateblue1
ASV2074,1,30,black,black
ASV2075,1,55,black,slateblue1
